/*
Navicat MySQL Data Transfer

Source Server         : im
Source Server Version : 50547
Source Host           : localhost:3306
Source Database       : online

Target Server Type    : MYSQL
Target Server Version : 50547
File Encoding         : 65001

Date: 2020-02-21 11:03:28
*/

SET FOREIGN_KEY_CHECKS=0;

-- ----------------------------
-- Table structure for on_log
-- ----------------------------
DROP TABLE IF EXISTS `on_log`;
CREATE TABLE `on_log` (
  `id` varchar(32) CHARACTER SET utf8 NOT NULL,
  `email` varchar(32) CHARACTER SET utf8 NOT NULL,
  `content` varchar(128) CHARACTER SET utf8 DEFAULT NULL,
  `time` timestamp NOT NULL DEFAULT CURRENT_TIMESTAMP ON UPDATE CURRENT_TIMESTAMP,
  `ip` varchar(28) CHARACTER SET utf8 DEFAULT NULL,
  PRIMARY KEY (`id`)
) ENGINE=MyISAM DEFAULT CHARSET=utf8mb4;

-- ----------------------------
-- Records of on_log
-- ----------------------------
INSERT INTO `on_log` VALUES ('00481BAF1B01465490967A46CA6BA93D', 'admin@qq.com', '查看订单', '2020-02-07 14:42:55', '192.168.2.140');
INSERT INTO `on_log` VALUES ('009A3C763AAE46439724676A41B8A8B7', 'admin@qq.com', '系统管理-用户管理-管理员更新用户信息', '2019-11-23 22:02:14', '111.0.186.178');
INSERT INTO `on_log` VALUES ('00B7B7F956224C18AC52A7E5DD56D29E', 'admin@qq.com', '根据角色ID获取左侧菜单栏', '2020-01-24 16:26:18', '192.168.2.140');
INSERT INTO `on_log` VALUES ('011E8FFB76F545FFBA055B7A382CBE16', 'admin@qq.com', '登录', '2020-01-23 15:59:37', '127.0.0.1');
INSERT INTO `on_log` VALUES ('01F28DB079DD470CA2F7AE1EF681B16E', 'admin@qq.com', '根据角色ID获取左侧菜单栏', '2020-01-22 20:22:37', '192.168.2.140');
INSERT INTO `on_log` VALUES ('028E8455202B4A228B02C1DCF9A0436D', 'admin@qq.com', '根据角色ID获取左侧菜单栏', '2020-02-07 20:31:02', '192.168.2.140');
INSERT INTO `on_log` VALUES ('02B96769504047169BF66285D90F0F97', 'admin@qq.com', '登录', '2019-12-15 18:40:59', '192.168.0.104');
INSERT INTO `on_log` VALUES ('02BD44896F6B4913AB4844F38B757FEF', 'admin@qq.com', '系统管理-模块管理-获取所有未删除的子模块信息', '2019-11-23 22:07:06', '111.0.186.178');
INSERT INTO `on_log` VALUES ('034554C5971A40A2B1465FE660E2C3C7', 'admin@qq.com', '查看订单', '2020-02-08 16:22:51', '192.168.2.140');
INSERT INTO `on_log` VALUES ('036A74A3829E4C12B9B7A1EA4D344E91', 'admin@qq.com', '查看订单', '2020-02-06 16:32:51', '192.168.2.140');
INSERT INTO `on_log` VALUES ('03719008687A4913A42E4A7DE93DDBA2', 'admin@qq.com', '查看订单', '2020-02-08 16:26:40', '192.168.2.140');
INSERT INTO `on_log` VALUES ('04A8FC551BD74DEAADA96B78BA756594', 'admin@qq.com', '查看订单', '2020-02-07 15:22:33', '192.168.2.140');
INSERT INTO `on_log` VALUES ('04F73F4C8C7848818BE76C4469F0DF69', 'admin@qq.com', '根据角色ID获取左侧菜单栏', '2020-01-22 16:52:04', '192.168.2.140');
INSERT INTO `on_log` VALUES ('05286CE1F6F745939D8BD2D27352605A', 'admin@qq.com', '查看订单', '2020-02-07 20:41:13', '192.168.2.140');
INSERT INTO `on_log` VALUES ('0643418EC06F4B5A9A62EF65B43B1A92', 'admin@qq.com', '登录', '2020-01-21 16:17:30', '192.168.2.140');
INSERT INTO `on_log` VALUES ('069E58A653FC442EA7578C23983D60D8', 'admin@qq.com', '系统管理-模块管理-获取当前模块所赋权的角色名称', '2020-01-21 09:40:25', '192.168.2.140');
INSERT INTO `on_log` VALUES ('069E6AA45A3240099DA5922E1756802D', 'admin@qq.com', '系统管理-模块管理-获取当前模块所赋权的角色名称', '2020-01-21 16:29:09', '192.168.2.140');
INSERT INTO `on_log` VALUES ('071E2480CDFA4499ABA93A9F0266924A', 'admin@qq.com', '根据角色ID获取左侧菜单栏', '2020-01-22 17:10:39', '192.168.2.140');
INSERT INTO `on_log` VALUES ('072AD9BA84BB4751A2C381E43E6430C2', 'admin@qq.com', '登录', '2020-01-12 11:46:03', '192.168.0.104');
INSERT INTO `on_log` VALUES ('07B3DB19682C489597DFF630E2097407', 'admin@qq.com', '查看订单', '2020-02-07 20:47:26', '192.168.2.140');
INSERT INTO `on_log` VALUES ('083F06A4AD954DBBB959ADC295001E13', 'admin@qq.com', '登录', '2020-02-07 15:13:44', '192.168.2.140');
INSERT INTO `on_log` VALUES ('08C9AA043D994D0280F5C69B49AE8C08', 'admin@qq.com', '查看订单', '2020-02-07 20:41:13', '192.168.2.140');
INSERT INTO `on_log` VALUES ('09006F3172CA438BB3D39EF34BEAAE99', 'admin@qq.com', '根据角色ID获取左侧菜单栏', '2020-01-22 17:15:29', '192.168.2.140');
INSERT INTO `on_log` VALUES ('092725C2CCC046929E133AF7B6FE1623', 'admin@qq.com', '系统管理-模块管理-获取当前模块所赋权的角色名称', '2019-11-23 22:08:59', '111.0.186.178');
INSERT INTO `on_log` VALUES ('09884E09A3984BBBB19C63F23D95337F', 'admin@qq.com', '查看订单', '2020-01-24 16:14:13', '192.168.2.140');
INSERT INTO `on_log` VALUES ('09AFD7A72B1C44FDA91987EF351F831F', 'admin@qq.com', '查看订单', '2020-01-24 11:32:07', '192.168.2.140');
INSERT INTO `on_log` VALUES ('09F90FF3F87142D7A571ECEA706698DF', 'admin@qq.com', '查看订单', '2020-01-24 14:58:35', '192.168.2.140');
INSERT INTO `on_log` VALUES ('0A4A2E82EDE84AF890E51625287980D8', 'admin@qq.com', '登录', '2020-02-07 20:56:28', '192.168.2.140');
INSERT INTO `on_log` VALUES ('0A8A547D22DF42B191169033AD133A1F', 'admin@qq.com', '查看订单', '2020-02-06 21:55:37', '192.168.2.140');
INSERT INTO `on_log` VALUES ('0A9754F4A6E74DADBDAC270966A20CAF', 'admin@qq.com', '系统管理-用户管理-获取所有用户基本信息', '2019-11-23 22:06:19', '111.0.186.178');
INSERT INTO `on_log` VALUES ('0AA2E97AFD7E4497915F66FD0192723A', 'admin@qq.com', '查看订单', '2020-02-07 20:44:33', '192.168.2.140');
INSERT INTO `on_log` VALUES ('0AA5EE4AC1254F1AB85219BF64F9930C', 'admin@qq.com', '登录', '2020-01-23 16:42:53', '192.168.2.140');
INSERT INTO `on_log` VALUES ('0B9823ECE5F34F5B80D6AAEB52553341', 'admin@qq.com', '系统管理-模块管理-模块赋权给角色', '2020-01-24 14:38:09', '192.168.2.140');
INSERT INTO `on_log` VALUES ('0BBF00442A4644A48F9ACA883D537914', 'admin@qq.com', '查看订单', '2020-01-24 14:48:05', '192.168.2.140');
INSERT INTO `on_log` VALUES ('0D4C7290559742CA83F2A024D9B7ADB8', 'admin@qq.com', '系统管理-模块管理-获取所有未删除的子模块信息', '2020-01-24 14:45:37', '192.168.2.140');
INSERT INTO `on_log` VALUES ('0DA2E6BAA74E48659DCCD23E6EC83C11', 'admin@qq.com', '根据角色ID获取左侧菜单栏', '2019-12-17 19:43:46', '192.168.0.29');
INSERT INTO `on_log` VALUES ('0E121AFFEF8745DF8DEF3225224A983E', 'admin@qq.com', '根据角色ID获取左侧菜单栏', '2020-01-15 17:46:54', '192.168.137.1');
INSERT INTO `on_log` VALUES ('0E65A6F0DADB443B87B09DF3EDE3B9C4', 'admin@qq.com', '查看订单', '2020-01-24 11:12:11', '192.168.2.140');
INSERT INTO `on_log` VALUES ('0F0EB576F85348648AFEE93CEA5D1ABE', 'admin@qq.com', '登录', '2020-01-05 11:50:32', '192.168.0.104');
INSERT INTO `on_log` VALUES ('0F5D6585FD4C4864A7462B96B8D4EFF9', 'admin@qq.com', '登录', '2020-02-07 22:23:11', '192.168.2.140');
INSERT INTO `on_log` VALUES ('0F76D69BC7BE4234B030179A55FCA95A', 'admin@qq.com', '系统管理-角色管理-锁定或解锁角色使用', '2019-12-06 09:17:59', '192.168.0.28');
INSERT INTO `on_log` VALUES ('0FD6A15DB8F44659B294E149F331C699', 'admin@qq.com', '根据角色ID获取左侧菜单栏', '2020-01-22 20:34:04', '192.168.2.140');
INSERT INTO `on_log` VALUES ('101EB293A001465B939B5BEE886B638C', 'admin@qq.com', '登录', '2020-01-23 16:49:11', '192.168.2.140');
INSERT INTO `on_log` VALUES ('104626F84D404A5294F40BC2847610C1', '369@qq.com', '系统管理-角色管理-获取所有角色信息', '2019-11-23 22:09:49', '111.0.186.178');
INSERT INTO `on_log` VALUES ('10972F3190CC4BB4894DF87DE5282098', 'admin@qq.com', '登录', '2020-01-24 15:44:44', '192.168.2.140');
INSERT INTO `on_log` VALUES ('109A82EE637B4313B0871672B6C5FDD4', '', '登录', '2020-01-04 14:50:03', '192.168.0.29');
INSERT INTO `on_log` VALUES ('10A76AA73A9E40AA8954AEC289ECFC7E', 'admin@qq.com', '根据角色ID获取左侧菜单栏', '2020-01-21 10:13:01', '192.168.2.140');
INSERT INTO `on_log` VALUES ('10DED8F66CA141DD99DC4AF09830C2B2', 'admin@qq.com', '系统管理-模块管理-获取所有父模块信息', '2020-01-24 14:37:10', '192.168.2.140');
INSERT INTO `on_log` VALUES ('111B19FD9633424BB9EF826151F360D3', 'admin@qq.com', '登录', '2020-01-21 15:52:28', '192.168.2.140');
INSERT INTO `on_log` VALUES ('114261A6B40A4D7BB2ACBBA2FB922F66', '369@qq.com', '系统管理-用户管理-获取所有用户基本信息', '2019-11-23 22:32:52', '221.223.144.180');
INSERT INTO `on_log` VALUES ('1187F908606641FAB441CDF9F2F24E51', 'admin@qq.com', '登录', '2020-01-12 10:54:11', '192.168.0.104');
INSERT INTO `on_log` VALUES ('11990972277445719AB67AC6E463A73B', 'admin@qq.com', '查看订单', '2020-01-24 15:39:51', '192.168.2.140');
INSERT INTO `on_log` VALUES ('12571CED4073487AB9F4FA35DA8DA3B2', 'admin@qq.com', '登录', '2020-01-12 11:21:53', '192.168.0.104');
INSERT INTO `on_log` VALUES ('1286CFD30E5F4A48937FA9F88A3D1A3C', 'admin@qq.com', '查看订单', '2020-01-24 16:43:37', '192.168.2.140');
INSERT INTO `on_log` VALUES ('12CAB5F411D24A639DC9D3CB23D07D91', 'admin@qq.com', '登录', '2019-12-15 11:36:23', '192.168.0.104');
INSERT INTO `on_log` VALUES ('132E1173D05C4840A01058299037DE93', '369@qq.com', '系统管理-用户管理-获取所有用户基本信息', '2019-11-23 22:33:30', '221.223.144.180');
INSERT INTO `on_log` VALUES ('133011F300C84AB188932AD8B191852F', 'admin@qq.com', '查看订单', '2020-01-24 16:45:34', '192.168.2.140');
INSERT INTO `on_log` VALUES ('1360B38D353E4B5280D74657B37E4124', 'admin@qq.com', '根据角色ID获取左侧菜单栏', '2019-12-21 18:43:17', '192.168.137.1');
INSERT INTO `on_log` VALUES ('13F9459260F54FEF9939E7046C9EB4DD', '', '登录', '2019-12-21 19:16:52', '192.168.137.1');
INSERT INTO `on_log` VALUES ('1426C54C8CAE4FED8F2A5163C77A2D70', 'admin@qq.com', '查看订单', '2020-01-24 14:27:09', '192.168.2.140');
INSERT INTO `on_log` VALUES ('14922882A59B48A6A6AC07C794DFE1F3', 'admin@qq.com', '系统管理-用户管理-获取所有用户基本信息', '2019-11-23 22:06:44', '111.0.186.178');
INSERT INTO `on_log` VALUES ('1511D33AEAF045F4B46E9CA7FA948D4A', 'admin@qq.com', '查看订单', '2020-01-24 14:21:22', '192.168.2.140');
INSERT INTO `on_log` VALUES ('156912F96AF845C18F3D599FB2885092', '369@qq.com', '系统管理-模块管理-获取所有未删除的子模块信息', '2019-11-23 22:32:48', '221.223.144.180');
INSERT INTO `on_log` VALUES ('163F4F1351DF45488ABACD08536D85CC', 'admin@qq.com', '根据角色ID获取左侧菜单栏', '2019-12-21 17:08:22', '192.168.137.1');
INSERT INTO `on_log` VALUES ('1680365479FB4DE49A4F40CF92433CD3', 'admin@qq.com', '根据角色ID获取左侧菜单栏', '2020-01-21 11:20:43', '192.168.2.140');
INSERT INTO `on_log` VALUES ('16B6DE390E204567A56A8777570535F6', 'admin@qq.com', '查看订单', '2020-01-24 14:34:17', '192.168.2.140');
INSERT INTO `on_log` VALUES ('16BD8DB808BE45B2A0A778B599D55CEC', 'admin@qq.com', '根据角色ID获取左侧菜单栏', '2020-01-21 15:52:28', '192.168.2.140');
INSERT INTO `on_log` VALUES ('1765DC3EDA6F4A9C8E3DFB90A3E27FC2', 'admin@qq.com', '根据角色ID获取左侧菜单栏', '2019-12-21 19:16:55', '192.168.137.1');
INSERT INTO `on_log` VALUES ('17862BAB7F8E414EB37716A310739111', 'admin@qq.com', '查看订单', '2020-01-24 14:29:48', '192.168.2.140');
INSERT INTO `on_log` VALUES ('18B5602FC16B4EBD9E8C2426781207A8', 'admin@qq.com', '根据角色ID获取左侧菜单栏', '2020-01-15 19:49:21', '192.168.137.1');
INSERT INTO `on_log` VALUES ('190043D2D26A418BB20C7E7540C86F93', 'admin@qq.com', '根据角色ID获取左侧菜单栏', '2020-02-07 15:13:44', '192.168.2.140');
INSERT INTO `on_log` VALUES ('1913B05E81964649ACD64997A46506B3', 'admin@qq.com', '根据角色ID获取左侧菜单栏', '2019-12-17 19:37:55', '192.168.0.29');
INSERT INTO `on_log` VALUES ('19301EB1A62E4D378E705259D8CC99D7', 'admin@qq.com', '根据角色ID获取左侧菜单栏', '2020-01-24 16:41:00', '192.168.2.140');
INSERT INTO `on_log` VALUES ('199DC3C63381462CA8C9105DA148E9EC', 'admin@qq.com', '根据角色ID获取左侧菜单栏', '2019-12-17 19:35:45', '192.168.0.29');
INSERT INTO `on_log` VALUES ('1A073690B841454497B26FFF069BB229', 'admin@qq.com', '根据角色ID获取左侧菜单栏', '2020-01-21 10:12:27', '192.168.2.140');
INSERT INTO `on_log` VALUES ('1A5782C39D87409984F00862FF9B19AA', 'admin@qq.com', '系统管理-模块管理-获取当前模块所赋权的角色名称', '2020-01-21 09:40:24', '192.168.2.140');
INSERT INTO `on_log` VALUES ('1A5D222EF575414984BC42EB62C7668C', 'admin@qq.com', '根据角色ID获取左侧菜单栏', '2020-01-24 14:48:01', '192.168.2.140');
INSERT INTO `on_log` VALUES ('1A8B562C42AB4FAABAAC8BD9E4E7D65E', 'admin@qq.com', '查看订单', '2020-01-24 11:11:50', '192.168.2.140');
INSERT INTO `on_log` VALUES ('1AE52990490C42218A70A528281F09B8', 'admin@qq.com', '系统管理-角色管理-获取所有角色信息', '2019-12-06 09:18:05', '192.168.0.28');
INSERT INTO `on_log` VALUES ('1B090EAAD7BA4A9A83267EE3FF0B1DFB', 'admin@qq.com', '根据角色ID获取左侧菜单栏', '2020-02-06 21:55:28', '192.168.2.140');
INSERT INTO `on_log` VALUES ('1B15B91F3C184FF6ADF51F3D317DB7F6', 'admin@qq.com', '根据角色ID获取左侧菜单栏', '2020-01-21 16:36:55', '192.168.2.140');
INSERT INTO `on_log` VALUES ('1B65B55BF8884506A2B07052A6282477', 'admin@qq.com', '系统管理-模块管理-获取所有未删除的子模块信息', '2019-11-23 15:48:51', '169.254.66.56');
INSERT INTO `on_log` VALUES ('1B9FC6E50F48414486FD0241BA4E76A6', 'admin@qq.com', '根据角色ID获取左侧菜单栏', '2020-01-30 12:03:46', '192.168.2.140');
INSERT INTO `on_log` VALUES ('1BF426C836EF4607A1AC71AF9C5F9681', 'admin@qq.com', '根据角色ID获取左侧菜单栏', '2020-01-21 15:57:40', '192.168.2.140');
INSERT INTO `on_log` VALUES ('1C15A5DFD58A45DA9631913AD1B47002', 'admin@qq.com', '根据角色ID获取左侧菜单栏', '2020-01-24 14:38:18', '192.168.2.140');
INSERT INTO `on_log` VALUES ('1C18F21285A44F3BB302B6B61F94D982', 'admin@qq.com', '登录', '2020-02-08 16:20:39', '192.168.2.140');
INSERT INTO `on_log` VALUES ('1D32E069FDDB4E0E8817469984BBB7E9', 'admin@qq.com', '系统管理-模块管理-获取所有父模块信息', '2020-01-21 16:29:10', '192.168.2.140');
INSERT INTO `on_log` VALUES ('1D9C066324D04001B497DEBF1837A79C', 'admin@qq.com', '查看订单', '2020-01-24 14:51:53', '192.168.2.140');
INSERT INTO `on_log` VALUES ('1DB6E995862E4B87BD55D15E33E5191B', 'admin@qq.com', '登录', '2019-12-17 20:25:07', '192.168.0.29');
INSERT INTO `on_log` VALUES ('1DEC66A7B8974AFEBBEDC3A8F85121D5', 'admin@qq.com', '登录', '2020-02-06 21:55:28', '192.168.2.140');
INSERT INTO `on_log` VALUES ('1E024E6D103847D5890FB4297B3C4CB8', 'admin@qq.com', '查看订单', '2020-02-07 15:22:37', '192.168.2.140');
INSERT INTO `on_log` VALUES ('1E28A9BE463D461D934EB431E9348654', 'admin@qq.com', '根据角色ID获取左侧菜单栏', '2020-01-12 11:23:56', '192.168.0.104');
INSERT INTO `on_log` VALUES ('1E47D460D0B543B0AA01C838F0BCF36C', 'admin@qq.com', '根据角色ID获取左侧菜单栏', '2020-01-24 11:40:50', '192.168.2.140');
INSERT INTO `on_log` VALUES ('1EA4D450D4F04C6D8CF0FDE8C29314FE', 'admin@qq.com', '系统管理-角色管理-获取所有角色信息', '2020-01-23 15:58:03', '127.0.0.1');
INSERT INTO `on_log` VALUES ('1F5290AB3E014CD1AFB2164D2A7E568A', 'admin@qq.com', '查看订单', '2020-01-24 14:20:47', '192.168.2.140');
INSERT INTO `on_log` VALUES ('1F5F54BA72F8450481E5BE7F73FC5E3E', 'admin@qq.com', '查看订单', '2020-01-24 11:11:31', '192.168.2.140');
INSERT INTO `on_log` VALUES ('1F7E6831884F482AB32ACEABA293E2AD', 'admin@qq.com', '系统管理-用户管理-获取所有用户基本信息', '2020-01-04 14:50:52', '192.168.0.29');
INSERT INTO `on_log` VALUES ('1FE13AE82C6C409DB904B3FF7091820C', 'admin@qq.com', '登录', '2020-01-23 17:28:07', '192.168.2.140');
INSERT INTO `on_log` VALUES ('209B2B50448B406090ECCB9547239060', 'admin@qq.com', '系统管理-模块管理-获取当前模块所赋权的角色名称', '2019-11-23 22:06:11', '111.0.186.178');
INSERT INTO `on_log` VALUES ('2117ABE88AFE4F318315154A56FFC320', 'admin@qq.com', '系统管理-用户管理-获取所有用户基本信息', '2019-11-23 22:02:21', '111.0.186.178');
INSERT INTO `on_log` VALUES ('2136406E57354CFD9204A6FE423F0170', 'admin@qq.com', '系统管理-用户管理-获取所有用户基本信息', '2020-01-04 14:54:07', '192.168.0.29');
INSERT INTO `on_log` VALUES ('2162A9AFBE354BF7B3BF3C75CC40A2CD', 'admin@qq.com', '系统管理-模块管理-获取所有父模块信息', '2020-01-21 16:29:11', '192.168.2.140');
INSERT INTO `on_log` VALUES ('2179CC8270D14C3BB3E2870C6F245AE7', 'admin@qq.com', '查看订单', '2020-01-24 14:26:26', '192.168.2.140');
INSERT INTO `on_log` VALUES ('219ED955487B4C2B828A45CFAE610030', 'admin@qq.com', '系统管理-模块管理-获取所有未删除的子模块信息', '2020-01-21 16:28:08', '192.168.2.140');
INSERT INTO `on_log` VALUES ('21B457B5642E47D69043BC8E56F88E44', 'admin@qq.com', '系统管理-角色管理-获取所有角色信息', '2019-11-23 22:07:08', '111.0.186.178');
INSERT INTO `on_log` VALUES ('21C1F3ED640A4474BF3FA888E94EEBAD', 'admin@qq.com', '查看订单', '2020-02-08 16:26:31', '192.168.2.140');
INSERT INTO `on_log` VALUES ('21CBAD502AB4420284CAD913A0A1D6AF', 'admin@qq.com', '系统管理-角色管理-获取所有角色信息', '2019-12-06 09:17:59', '192.168.0.28');
INSERT INTO `on_log` VALUES ('22263A29831A4D7C8938C6F8CD9ED294', 'admin@qq.com', '根据角色ID获取左侧菜单栏', '2020-01-22 20:20:09', '192.168.2.140');
INSERT INTO `on_log` VALUES ('22299BE08C054A52AD227AFA3259F44D', 'admin@qq.com', '根据角色ID获取左侧菜单栏', '2020-02-07 21:02:56', '192.168.2.140');
INSERT INTO `on_log` VALUES ('22547646F9A94EBCB2732E1A4AA09D6E', 'admin@qq.com', '根据角色ID获取左侧菜单栏', '2020-01-04 14:55:28', '192.168.0.29');
INSERT INTO `on_log` VALUES ('22A3E89C898647CA914A61499DF8DFBE', 'admin@qq.com', '根据角色ID获取左侧菜单栏', '2020-01-24 11:32:02', '192.168.2.140');
INSERT INTO `on_log` VALUES ('22B36AD0581A4D86AB5EDFD5C1F72687', '369@qq.com', '系统管理-用户管理-获取所有用户基本信息', '2019-11-23 22:10:03', '111.0.186.178');
INSERT INTO `on_log` VALUES ('22E459710F7B4D2DB58E04480FD40BB7', 'admin@qq.com', '查看订单', '2020-01-24 16:43:37', '192.168.2.140');
INSERT INTO `on_log` VALUES ('23433500FFF7473894C012C837636310', 'admin@qq.com', '系统管理-用户管理-获取所有用户基本信息', '2019-11-23 22:03:04', '111.0.186.178');
INSERT INTO `on_log` VALUES ('23754BB902B244C98041B7333E4A043E', 'admin@qq.com', '系统管理-模块管理-获取所有未删除的子模块信息', '2019-11-23 15:26:45', '169.254.66.56');
INSERT INTO `on_log` VALUES ('23D011DA0E3548149C46C9031DC22FD5', 'admin@qq.com', '登录', '2019-12-01 10:48:09', '192.168.0.100');
INSERT INTO `on_log` VALUES ('23E836C01CEF4742BF05EAA1E815B7B7', 'admin@qq.com', '登录', '2020-01-23 15:59:50', '127.0.0.1');
INSERT INTO `on_log` VALUES ('240CEE79751E4029A7769EF1911DD1A0', 'admin@qq.com', '查看订单', '2020-02-07 20:41:18', '192.168.2.140');
INSERT INTO `on_log` VALUES ('24CAA004F58142C49DB78F2CBB8B2DB9', 'admin@qq.com', '根据角色ID获取左侧菜单栏', '2020-01-22 19:18:39', '192.168.2.140');
INSERT INTO `on_log` VALUES ('24F5399C819A48C982C2853B4CD2094D', 'admin@qq.com', '系统管理-用户管理-获取所有用户基本信息', '2020-01-04 16:21:52', '192.168.0.29');
INSERT INTO `on_log` VALUES ('2510AD8472E9486BA48B7C5586333D19', 'admin@qq.com', '系统管理-模块管理-获取所有父模块信息', '2019-11-23 22:06:08', '111.0.186.178');
INSERT INTO `on_log` VALUES ('256E9FDFF1BA4A2DA095D39784639139', 'admin@qq.com', '系统管理-模块管理-获取所有未删除的子模块信息', '2019-12-05 11:31:39', '192.168.0.28');
INSERT INTO `on_log` VALUES ('25784915AE3E41E59139938CAF78F9C3', 'admin@qq.com', '系统管理-模块管理-获取所有未删除的子模块信息', '2020-01-21 09:40:37', '192.168.2.140');
INSERT INTO `on_log` VALUES ('25C4922F96CE45EF82235D124F5EB47A', 'admin@qq.com', '系统管理-模块管理-获取当前模块所赋权的角色名称', '2020-01-21 16:28:40', '192.168.2.140');
INSERT INTO `on_log` VALUES ('25D5B6AE600D48D485ABC60942BB19C7', 'admin@qq.com', '登录', '2020-01-21 10:13:28', '192.168.2.140');
INSERT INTO `on_log` VALUES ('26041FFB377547A0BAF6512B863D4B74', 'admin@qq.com', '根据角色ID获取左侧菜单栏', '2020-01-15 18:43:09', '192.168.137.1');
INSERT INTO `on_log` VALUES ('267A59DE9E2D4BA9B95E742271BE4D31', 'admin@qq.com', '根据角色ID获取左侧菜单栏', '2020-01-21 11:19:14', '192.168.2.140');
INSERT INTO `on_log` VALUES ('2685B0F7AC8F4312AE09AB8700DEE405', 'admin@qq.com', '根据角色ID获取左侧菜单栏', '2020-01-23 16:10:55', '192.168.2.140');
INSERT INTO `on_log` VALUES ('2704941F63A042EFBEAE51BF14F1FEC0', 'admin@qq.com', '系统管理-模块管理-添加子模块', '2020-01-24 14:37:56', '192.168.2.140');
INSERT INTO `on_log` VALUES ('2737367EA8AE489AB145805E8ABC6609', 'admin@qq.com', '根据角色ID获取左侧菜单栏', '2019-12-21 18:32:11', '192.168.137.1');
INSERT INTO `on_log` VALUES ('2752FBCD01E74ED7B2D2BA3DF2B635BE', 'admin@qq.com', '登录', '2019-12-21 19:07:04', '192.168.137.1');
INSERT INTO `on_log` VALUES ('27937597E3E54D7589E8A89D0201364A', 'admin@qq.com', '系统管理-模块管理-获取当前模块所赋权的角色名称', '2020-01-21 16:28:40', '192.168.2.140');
INSERT INTO `on_log` VALUES ('279435A9CFB140DA88EC86448B99A8F5', 'admin@qq.com', '登录', '2020-02-08 16:03:04', '192.168.2.140');
INSERT INTO `on_log` VALUES ('27DECF81CC254781B44AEFF22AA1C429', 'admin@qq.com', '系统管理-模块管理-获取所有父模块信息', '2019-11-23 22:06:11', '111.0.186.178');
INSERT INTO `on_log` VALUES ('28761482117F4E7296C91198318FDDC7', 'admin@qq.com', '系统管理-模块管理-获取当前模块所赋权的角色名称', '2020-01-21 16:28:41', '192.168.2.140');
INSERT INTO `on_log` VALUES ('28C3BA5E491C4DA1AFBC421BD62ACB19', 'admin@qq.com', '根据角色ID获取左侧菜单栏', '2019-12-21 18:35:54', '192.168.137.1');
INSERT INTO `on_log` VALUES ('298A36CB1ABE49E1B125C799B83C0925', 'admin@qq.com', '查看订单', '2020-01-24 11:37:31', '192.168.2.140');
INSERT INTO `on_log` VALUES ('29A0B20A12C24154A9C1368015ED7A19', 'admin@qq.com', '查看订单', '2020-01-24 11:29:09', '192.168.2.140');
INSERT INTO `on_log` VALUES ('29AEB1F8C4B14128B8B16E5870910249', 'admin@qq.com', '登录', '2020-01-15 19:47:49', '192.168.137.1');
INSERT INTO `on_log` VALUES ('29C1ED0413EB4883963B14713344230A', 'admin@qq.com', '登录', '2019-12-05 11:31:34', '192.168.0.28');
INSERT INTO `on_log` VALUES ('29CD97AE9DEC491CBF35E57AF0D97D55', 'admin@qq.com', '根据角色ID获取左侧菜单栏', '2019-12-17 20:34:17', '192.168.0.29');
INSERT INTO `on_log` VALUES ('2A23277963AC4C838912A821920C5D9F', 'admin@qq.com', '登录', '2020-01-21 11:39:34', '192.168.2.140');
INSERT INTO `on_log` VALUES ('2A4D0F0AA4074E73B8E68356403E6703', 'admin@qq.com', '根据角色ID获取左侧菜单栏', '2020-02-07 22:04:33', '192.168.2.140');
INSERT INTO `on_log` VALUES ('2AA3F21B212E475C95C1A692C52D4888', 'admin@qq.com', '登录', '2020-01-24 14:58:33', '192.168.2.140');
INSERT INTO `on_log` VALUES ('2B23023317A84A4FA69DB2417F3B491F', 'admin@qq.com', '查看订单', '2020-02-06 20:02:33', '192.168.2.140');
INSERT INTO `on_log` VALUES ('2B4B3D3C5271475B87FA13C1341F448B', 'admin@qq.com', '根据角色ID获取左侧菜单栏', '2019-12-21 16:56:43', '192.168.137.1');
INSERT INTO `on_log` VALUES ('2B8F11EB3AA24923A0A88A39C2F66A74', 'admin@qq.com', '查看订单', '2020-01-24 14:29:48', '192.168.2.140');
INSERT INTO `on_log` VALUES ('2C21BF60BB57440588DC6C00A26E2B39', 'admin@qq.com', '系统管理-模块管理-获取所有未删除的子模块信息', '2020-01-04 14:53:25', '192.168.0.29');
INSERT INTO `on_log` VALUES ('2C80158422B6445CB2103A82E2EA4C0D', 'admin@qq.com', '系统管理-模块管理-获取当前模块所赋权的角色名称', '2019-11-23 22:09:15', '111.0.186.178');
INSERT INTO `on_log` VALUES ('2CDC2ADCB0494DFDA4ACF81C470AEF25', 'admin@qq.com', '系统管理-模块管理-获取当前模块所赋权的角色名称', '2020-01-04 14:55:20', '192.168.0.29');
INSERT INTO `on_log` VALUES ('2D4EB0E0AC0B4C5EBD22CC5439CEC5E6', 'admin@qq.com', '查看订单', '2020-01-24 16:41:01', '192.168.2.140');
INSERT INTO `on_log` VALUES ('2D60103918554CDD98594E55C6945E2E', 'admin@qq.com', '根据角色ID获取左侧菜单栏', '2020-01-21 09:40:29', '192.168.2.140');
INSERT INTO `on_log` VALUES ('2DAFCA1F70884113BCAA91BE3E444ECC', 'admin@qq.com', '系统管理-模块管理-获取当前模块所赋权的角色名称', '2020-01-24 14:45:40', '192.168.2.140');
INSERT INTO `on_log` VALUES ('2DF83A9D29EA4326BA532215CF445418', 'admin@qq.com', '查看订单', '2020-01-24 11:11:32', '192.168.2.140');
INSERT INTO `on_log` VALUES ('2E2123F9A42443E6AF16B2AF546C0793', 'admin@qq.com', '根据角色ID获取左侧菜单栏', '2020-01-12 10:44:06', '192.168.0.104');
INSERT INTO `on_log` VALUES ('2EA339058EBC461D85BF46EB633F7A8A', 'admin@qq.com', '系统管理-角色管理-获取所有角色信息', '2020-01-23 16:53:48', '192.168.2.140');
INSERT INTO `on_log` VALUES ('2F3EAAF3C85744BE9F1F4ED2F599A213', 'admin@qq.com', '系统管理-模块管理-模块赋权给角色', '2019-11-23 15:48:50', '169.254.66.56');
INSERT INTO `on_log` VALUES ('2F45E89C39DD4FF6BDDD9C67EF18EE59', 'admin@qq.com', '根据角色ID获取左侧菜单栏', '2020-01-05 11:42:24', '192.168.0.104');
INSERT INTO `on_log` VALUES ('2F8A636D538C46229E9E0AA69D2B02EC', 'admin@qq.com', '系统管理-模块管理-获取所有父模块信息', '2020-01-15 17:46:49', '192.168.137.1');
INSERT INTO `on_log` VALUES ('2FB308D364D844FE9EE4374F78383221', 'admin@qq.com', '登录', '2020-01-05 11:54:34', '192.168.0.104');
INSERT INTO `on_log` VALUES ('306983A706904FD0A9321A3EB3163709', 'admin@qq.com', '系统管理-用户管理-管理员更新用户信息', '2019-11-23 22:01:40', '111.0.186.178');
INSERT INTO `on_log` VALUES ('30FF8F89D4EE430DA65BCFF9AFD3ECB4', 'admin@qq.com', '根据角色ID获取左侧菜单栏', '2020-01-22 19:28:27', '192.168.2.140');
INSERT INTO `on_log` VALUES ('3198DC179AC54CE4A42CE1DC945F5E10', 'admin@qq.com', '系统管理-模块管理-获取当前模块所赋权的角色名称', '2020-01-21 16:29:13', '192.168.2.140');
INSERT INTO `on_log` VALUES ('32225076265047F29735A10F874AF6DC', 'admin@qq.com', '根据角色ID获取左侧菜单栏', '2020-02-07 22:23:11', '192.168.2.140');
INSERT INTO `on_log` VALUES ('323D9E42F7CF43BE85DADB9F3FCA7C16', 'admin@qq.com', '系统管理-用户管理-获取所有用户基本信息', '2019-11-23 22:07:31', '111.0.186.178');
INSERT INTO `on_log` VALUES ('3260C40AB8394EBF8396BC6554B46AC6', 'admin@qq.com', '系统管理-角色管理-获取所有角色信息', '2019-11-23 22:04:16', '111.0.186.178');
INSERT INTO `on_log` VALUES ('32F1C871DEC84A6A8999690B96A34FCD', 'admin@qq.com', '登录', '2020-01-22 16:35:18', '192.168.2.140');
INSERT INTO `on_log` VALUES ('33117275CFF34F6B9AFA00E35255A75F', '', '登录', '2019-12-06 09:15:24', '192.168.0.28');
INSERT INTO `on_log` VALUES ('3346FC088B6C4C09B5B6FBAAE117EB10', 'admin@qq.com', '查看订单', '2020-01-24 14:29:07', '192.168.2.140');
INSERT INTO `on_log` VALUES ('33777091D7CA4DFEAB0A2B0B94256645', 'admin@qq.com', '登录', '2020-01-15 20:16:48', '192.168.137.1');
INSERT INTO `on_log` VALUES ('337D221D7F014780AC8B025FA27E131E', 'admin@qq.com', '系统管理-用户管理-获取所有用户基本信息', '2019-11-23 22:04:19', '111.0.186.178');
INSERT INTO `on_log` VALUES ('33B1275EB08E4E49B877BF26E010CA7B', 'admin@qq.com', '系统管理-模块管理-获取所有未删除的子模块信息', '2020-01-24 14:38:10', '192.168.2.140');
INSERT INTO `on_log` VALUES ('33FC9D80D09C48FA85CC4F98F3A09366', 'admin@qq.com', '查看订单', '2020-01-24 14:21:17', '192.168.2.140');
INSERT INTO `on_log` VALUES ('33FF92430DEA452CB2647D6CF037F69C', 'admin@qq.com', '系统管理-模块管理-获取当前模块所赋权的角色名称', '2019-11-23 22:06:08', '111.0.186.178');
INSERT INTO `on_log` VALUES ('340215E8C0B446FE92C9A7D35EC58018', 'admin@qq.com', '查看订单', '2020-01-24 11:30:24', '192.168.2.140');
INSERT INTO `on_log` VALUES ('34270962BB27402CB787E385D1C6A597', 'admin@qq.com', '登录', '2020-01-24 14:48:01', '192.168.2.140');
INSERT INTO `on_log` VALUES ('344DF4C0D0C64AAEB2896BDE40323C1D', 'admin@qq.com', '根据角色ID获取左侧菜单栏', '2020-01-24 11:10:44', '192.168.2.140');
INSERT INTO `on_log` VALUES ('346FA52B765F462985A4997262564EE9', 'admin@qq.com', '登录', '2020-01-21 16:36:55', '192.168.2.140');
INSERT INTO `on_log` VALUES ('34AE3C6762584158A361DD018ABEF07C', 'admin@qq.com', '根据角色ID获取左侧菜单栏', '2020-01-06 19:15:53', '192.168.137.1');
INSERT INTO `on_log` VALUES ('34E20C9D5E2840FEA9603F2A91C580FC', 'admin@qq.com', '根据角色ID获取左侧菜单栏', '2020-01-05 11:48:26', '192.168.0.104');
INSERT INTO `on_log` VALUES ('34FDFB88FDE74F858AC639BA8A5F0684', 'admin@qq.com', '根据角色ID获取左侧菜单栏', '2019-12-21 14:59:37', '192.168.137.1');
INSERT INTO `on_log` VALUES ('352C328293174A298096FF613614CDA8', 'admin@qq.com', '登录', '2020-01-21 10:14:15', '192.168.2.140');
INSERT INTO `on_log` VALUES ('356CE8E2E72742CB8A3771C8A67F64E5', 'admin@qq.com', '登录', '2020-01-23 17:11:46', '192.168.2.140');
INSERT INTO `on_log` VALUES ('35DDABD20CB84B26A666E3650BEC819B', 'admin@qq.com', '登录', '2020-01-05 11:52:51', '192.168.0.104');
INSERT INTO `on_log` VALUES ('35F8B105A12F435BBFCD54E2D5BB726F', 'admin@qq.com', '系统管理-模块管理-获取所有父模块信息', '2019-11-23 22:09:07', '111.0.186.178');
INSERT INTO `on_log` VALUES ('3690798B679D404182EEA9E54FF92E99', 'admin@qq.com', '登录', '2020-02-06 20:02:30', '192.168.2.140');
INSERT INTO `on_log` VALUES ('36BDB8E7D1CC4FA4A2CE43F8EC214634', 'admin@qq.com', '查看订单', '2020-02-08 16:22:18', '192.168.2.140');
INSERT INTO `on_log` VALUES ('36EA747EF01246A8B52324D5B593D16F', 'admin@qq.com', '登录', '2020-01-24 14:30:51', '192.168.2.140');
INSERT INTO `on_log` VALUES ('378136046D6742C88AA5809BCF38A2F6', 'admin@qq.com', '系统管理-用户管理-获取所有用户基本信息', '2019-12-06 10:47:37', '192.168.0.28');
INSERT INTO `on_log` VALUES ('38AABA31CEAE4B868C255AB4427E3E8A', 'admin@qq.com', '查看订单', '2020-01-24 16:38:35', '192.168.2.140');
INSERT INTO `on_log` VALUES ('38E3023CE2C24639B9DF1BAF408AB000', 'admin@qq.com', '系统管理-模块管理-获取所有未删除的子模块信息', '2020-01-05 11:22:23', '192.168.0.104');
INSERT INTO `on_log` VALUES ('38EB7BE98495474C895F4783C1572E21', 'admin@qq.com', '根据角色ID获取左侧菜单栏', '2020-01-22 16:35:18', '192.168.2.140');
INSERT INTO `on_log` VALUES ('394D68BA96ED4F498F73EB1D76385874', 'admin@qq.com', '登录', '2020-01-24 16:43:08', '192.168.2.140');
INSERT INTO `on_log` VALUES ('3A63D25D74A84AA498EA775FEBD69073', 'admin@qq.com', '查看订单', '2020-01-24 14:22:33', '192.168.2.140');
INSERT INTO `on_log` VALUES ('3AAD828CAB6049F4B44EE5C89CA818C5', 'admin@qq.com', '系统管理-角色管理-获取所有角色信息', '2020-01-15 17:46:46', '192.168.137.1');
INSERT INTO `on_log` VALUES ('3AB4D05D82B8423D84371B0BD470CB0C', 'admin@qq.com', '登录', '2020-01-22 20:20:09', '192.168.2.140');
INSERT INTO `on_log` VALUES ('3AD6EFFF74B34717ACEE3510130207BA', 'admin@qq.com', '根据角色ID获取左侧菜单栏', '2020-01-15 17:48:35', '192.168.137.1');
INSERT INTO `on_log` VALUES ('3AD93689438E477E9C48A8093B1CF3D5', 'admin@qq.com', '查看订单', '2020-02-08 16:26:31', '192.168.2.140');
INSERT INTO `on_log` VALUES ('3B7B93A8FCF14A14B0E3E0876B9C6F4C', '', '登录', '2020-01-24 15:42:28', '192.168.2.140');
INSERT INTO `on_log` VALUES ('3BB8F81D385145D3A30FF3395A4DA6E4', 'admin@qq.com', '查看订单', '2020-02-07 20:47:26', '192.168.2.140');
INSERT INTO `on_log` VALUES ('3BBF372A08D94488B0ABEBBAE19325BC', 'admin@qq.com', '系统管理-模块管理-获取所有未删除的子模块信息', '2019-12-01 10:50:04', '192.168.0.100');
INSERT INTO `on_log` VALUES ('3BD2B88101204069B8C80021621C9BA4', 'admin@qq.com', '登录', '2019-12-17 19:35:45', '192.168.0.29');
INSERT INTO `on_log` VALUES ('3BDFA14733004C36BA409C8B7A848F79', 'admin@qq.com', '根据角色ID获取左侧菜单栏', '2020-01-15 20:16:48', '192.168.137.1');
INSERT INTO `on_log` VALUES ('3D58EB7758D4471E93DE40040A837F38', 'admin@qq.com', '查看订单', '2020-01-24 11:10:47', '192.168.2.140');
INSERT INTO `on_log` VALUES ('3DE0EF680C8B4482BABED7ECCE313F49', 'admin@qq.com', '查看订单', '2020-01-24 15:39:51', '192.168.2.140');
INSERT INTO `on_log` VALUES ('3DF429014C10400A8C5A5AB3E4FC11E6', 'admin@qq.com', '系统管理-模块管理-获取所有未删除的子模块信息', '2019-12-15 18:47:58', '192.168.0.104');
INSERT INTO `on_log` VALUES ('3E36942997894637AC52724B1BC0D868', 'admin@qq.com', '系统管理-角色管理-获取所有角色信息', '2019-12-15 11:36:33', '192.168.0.104');
INSERT INTO `on_log` VALUES ('3E6F7C34C9BB4CB4B9D44899F55C93EB', 'admin@qq.com', '根据角色ID获取左侧菜单栏', '2020-01-24 14:29:04', '192.168.2.140');
INSERT INTO `on_log` VALUES ('3E9EE3B924894247940971D3DD9D726F', 'admin@qq.com', '登录', '2020-02-07 22:04:33', '192.168.2.140');
INSERT INTO `on_log` VALUES ('3EF24AA3E5134BE5AC123F90ED120D77', 'admin@qq.com', '登录', '2020-01-24 11:28:43', '192.168.2.140');
INSERT INTO `on_log` VALUES ('40C4ED2ED5D440A9923764F877D4DEC2', 'admin@qq.com', '根据角色ID获取左侧菜单栏', '2019-12-17 19:36:19', '192.168.0.29');
INSERT INTO `on_log` VALUES ('40CF3704CE3746BDA77CE41D92168630', 'admin@qq.com', '系统管理-用户管理-获取所有用户基本信息', '2019-11-23 22:01:46', '111.0.186.178');
INSERT INTO `on_log` VALUES ('41B9627414B4497A9631F5F7FE951DCE', 'admin@qq.com', '系统管理-模块管理-获取所有未删除的子模块信息', '2020-01-21 09:40:23', '192.168.2.140');
INSERT INTO `on_log` VALUES ('41C8CA7C3BF246728C8FFC7F1F135478', 'admin@qq.com', '查看订单', '2020-02-07 15:22:37', '192.168.2.140');
INSERT INTO `on_log` VALUES ('41EACF86C4CB42E0AD31C68435E699D5', 'admin@qq.com', '系统管理-模块管理-模块赋权给角色', '2020-01-21 09:40:36', '192.168.2.140');
INSERT INTO `on_log` VALUES ('41FAF53589F246EDBD21F16151EFE67D', 'admin@qq.com', '登录', '2020-01-21 16:45:58', '192.168.2.140');
INSERT INTO `on_log` VALUES ('4230966B86494DD391352E466FDEC0F0', 'admin@qq.com', '根据角色ID获取左侧菜单栏', '2020-01-15 19:47:49', '192.168.137.1');
INSERT INTO `on_log` VALUES ('43644D35D5E54B77919DD5078F58A6B0', 'admin@qq.com', '查看订单', '2020-02-07 15:22:29', '192.168.2.140');
INSERT INTO `on_log` VALUES ('438875E90E46461D9312254C3FEC486A', 'admin@qq.com', '系统管理-模块管理-获取所有父模块信息', '2020-01-21 16:28:40', '192.168.2.140');
INSERT INTO `on_log` VALUES ('439C4CEF22BA44078D47B30AE745CB77', 'admin@qq.com', '根据角色ID获取左侧菜单栏', '2020-02-06 20:02:30', '192.168.2.140');
INSERT INTO `on_log` VALUES ('43F52F63DAC042B1A342BC1E1645FF4F', 'admin@qq.com', '查看订单', '2020-02-07 14:42:55', '192.168.2.140');
INSERT INTO `on_log` VALUES ('4434FF964B264DBFB128D590A482617E', '369@qq.com', '系统管理-模块管理-获取所有未删除的子模块信息', '2019-11-23 22:09:51', '111.0.186.178');
INSERT INTO `on_log` VALUES ('4455A580F9444E72845EF738BAA672B4', 'admin@qq.com', '系统管理-模块管理-获取所有父模块信息', '2020-01-21 09:39:38', '192.168.2.140');
INSERT INTO `on_log` VALUES ('44573D5887074F94A2EBA37F165989EF', 'admin@qq.com', '登录', '2020-01-06 19:41:04', '192.168.0.29');
INSERT INTO `on_log` VALUES ('44B2D7DFF41E41D7BA390145F4D9ACED', 'admin@qq.com', '系统管理-模块管理-获取所有未删除的子模块信息', '2019-12-15 18:41:25', '192.168.0.104');
INSERT INTO `on_log` VALUES ('44FC9C8CE63648B2A316CDEC63382243', 'admin@qq.com', '系统管理-模块管理-获取所有未删除的子模块信息', '2019-11-23 22:06:16', '111.0.186.178');
INSERT INTO `on_log` VALUES ('45151C24633840C9BBD9D828E2002C49', 'admin@qq.com', '系统管理-角色管理-获取所有角色信息', '2019-11-23 22:01:51', '111.0.186.178');
INSERT INTO `on_log` VALUES ('456D0605FEB84B05883775AFDE5150B7', 'admin@qq.com', '系统管理-模块管理-获取所有未删除的子模块信息', '2020-01-21 16:29:07', '192.168.2.140');
INSERT INTO `on_log` VALUES ('45999BEA6A364B46A9E85F1FB93BDDF2', 'admin@qq.com', '查看订单', '2020-01-24 14:13:52', '192.168.2.140');
INSERT INTO `on_log` VALUES ('45B27B0023464EA38E8D555749071BDC', 'admin@qq.com', '查看订单', '2020-01-24 16:38:35', '192.168.2.140');
INSERT INTO `on_log` VALUES ('45FF8A7A5FED4888994346FFCA5F73E6', 'admin@qq.com', '查看订单', '2020-01-24 14:13:48', '192.168.2.140');
INSERT INTO `on_log` VALUES ('461103DB5E4743EBB04398D8E4515737', 'admin@qq.com', '根据角色ID获取左侧菜单栏', '2020-02-07 14:35:59', '127.0.0.1');
INSERT INTO `on_log` VALUES ('4619DB67B6E842C2ACACCB5597DBAADA', 'admin@qq.com', '根据角色ID获取左侧菜单栏', '2020-01-21 09:40:39', '192.168.2.140');
INSERT INTO `on_log` VALUES ('463EA9378C50424AA163507D803C7F37', 'admin@qq.com', '系统管理-模块管理-获取所有未删除的子模块信息', '2020-01-04 14:54:07', '192.168.0.29');
INSERT INTO `on_log` VALUES ('4656F45957454A6993E9507CC3E3A346', 'admin@qq.com', '根据角色ID获取左侧菜单栏', '2020-01-23 17:07:42', '192.168.2.140');
INSERT INTO `on_log` VALUES ('46EEF53EB4814BB695C886272B2DA8DD', 'admin@qq.com', '登录', '2020-01-22 19:28:27', '192.168.2.140');
INSERT INTO `on_log` VALUES ('47D7ECFD22F84E29B7523B4814E8E1F4', 'admin@qq.com', '根据角色ID获取左侧菜单栏', '2020-01-04 16:21:50', '192.168.0.29');
INSERT INTO `on_log` VALUES ('48A5ED711EC04C9185669B8D990086CA', 'admin@qq.com', '登录', '2020-01-30 12:03:46', '192.168.2.140');
INSERT INTO `on_log` VALUES ('4925A002746649638192C73D85FAC64B', 'admin@qq.com', '登录', '2019-12-15 18:54:27', '192.168.0.104');
INSERT INTO `on_log` VALUES ('4992F3DC7C4F4A5B9EC86D7628E5E17B', 'admin@qq.com', '查看订单', '2020-02-07 20:41:18', '192.168.2.140');
INSERT INTO `on_log` VALUES ('49FCE1EF22DB4E89A94960FA4230FDD6', 'admin@qq.com', '登录', '2019-12-21 19:16:55', '192.168.137.1');
INSERT INTO `on_log` VALUES ('4AC9EF01AA2549D09C4B252DA384B2E8', 'admin@qq.com', '查看订单', '2020-01-24 11:11:50', '192.168.2.140');
INSERT INTO `on_log` VALUES ('4B15B8B7B1D749ADBB6CAC7C624DECB0', 'admin@qq.com', '根据角色ID获取左侧菜单栏', '2020-01-05 11:44:59', '192.168.0.104');
INSERT INTO `on_log` VALUES ('4B39FCE156974A73A35F2EC1F650E0BD', 'admin@qq.com', '根据角色ID获取左侧菜单栏', '2020-01-24 15:39:48', '192.168.2.140');
INSERT INTO `on_log` VALUES ('4B68E4E8D53E43A389B1CDAD7A6E9E59', 'admin@qq.com', '根据角色ID获取左侧菜单栏', '2020-01-15 20:20:56', '192.168.137.1');
INSERT INTO `on_log` VALUES ('4BA79D4DFEA04B8ABC5454D395872047', 'admin@qq.com', '系统管理-模块管理-获取所有未删除的子模块信息', '2020-01-21 11:20:52', '192.168.2.140');
INSERT INTO `on_log` VALUES ('4BD7D0A1BF1E4C7684046E984D169752', 'admin@qq.com', '根据角色ID获取左侧菜单栏', '2020-02-08 15:09:35', '192.168.2.140');
INSERT INTO `on_log` VALUES ('4C06A4FA2303487ABBCA2AB70A7A623D', '369@qq.com', '系统管理-角色管理-获取所有角色信息', '2019-11-23 22:16:17', '111.0.186.178');
INSERT INTO `on_log` VALUES ('4C24D6A1E81941E6BBF930CA21C472F9', 'admin@qq.com', '查看订单', '2020-01-24 14:26:39', '192.168.2.140');
INSERT INTO `on_log` VALUES ('4C2A6DD570F345278A0E73E0CB484389', 'admin@qq.com', '根据角色ID获取左侧菜单栏', '2020-01-24 15:41:20', '192.168.2.140');
INSERT INTO `on_log` VALUES ('4C7ADFAEFB154B64B5B094807050D554', 'admin@qq.com', '根据角色ID获取左侧菜单栏', '2020-01-23 15:53:17', '127.0.0.1');
INSERT INTO `on_log` VALUES ('4DE0C6331A6246D0B221E66FEA03E274', 'admin@qq.com', '查看订单', '2020-02-07 14:44:27', '192.168.2.140');
INSERT INTO `on_log` VALUES ('4E30BC7823CD4C049B94CB86865092E6', 'admin@qq.com', '系统管理-角色管理-获取所有角色信息', '2019-12-01 10:48:11', '192.168.0.100');
INSERT INTO `on_log` VALUES ('4E5EAE8FD95743E5B0AF4C8C4156731B', 'admin@qq.com', '登录', '2020-01-24 11:31:08', '192.168.2.140');
INSERT INTO `on_log` VALUES ('4E91F0AC0B9A4A069EB4AC2E1A57D991', 'admin@qq.com', '查看订单', '2020-01-24 11:32:15', '192.168.2.140');
INSERT INTO `on_log` VALUES ('4ED7CA078A674F7BB81F8D626D806631', 'admin@qq.com', '系统管理-用户管理-获取所有用户基本信息', '2019-12-01 10:50:06', '192.168.0.100');
INSERT INTO `on_log` VALUES ('4EE93636C95340BFA2D3D9C6C12E269C', 'admin@qq.com', '系统管理-角色管理-锁定或解锁角色使用', '2019-12-06 09:18:05', '192.168.0.28');
INSERT INTO `on_log` VALUES ('4F48863B25684A69AE0130BDFAF07355', 'admin@qq.com', '根据角色ID获取左侧菜单栏', '2019-12-15 11:36:23', '192.168.0.104');
INSERT INTO `on_log` VALUES ('4F5681D13B234958B5947BDC5F8E75D4', 'admin@qq.com', '登录', '2020-01-22 17:04:55', '192.168.2.140');
INSERT INTO `on_log` VALUES ('4F7284F2AF6A4C37AC946007779BA7A0', 'admin@qq.com', '系统管理-模块管理-获取当前模块所赋权的角色名称', '2020-01-21 16:29:51', '192.168.2.140');
INSERT INTO `on_log` VALUES ('4FFAB03BED774A459A4F9ECA4CA76A7C', 'admin@qq.com', '查看订单', '2020-01-24 14:34:41', '192.168.2.140');
INSERT INTO `on_log` VALUES ('503F4E796A05436F901D7FCF2975E080', 'admin@qq.com', '登录', '2020-01-12 11:44:53', '192.168.0.104');
INSERT INTO `on_log` VALUES ('50CB07E57600475ABC06E96C0F3B6992', 'admin@qq.com', '登录', '2019-12-17 20:34:17', '192.168.0.29');
INSERT INTO `on_log` VALUES ('50D87C6A41D14138A08257588C8524B7', 'admin@qq.com', '系统管理-模块管理-获取所有父模块信息', '2019-11-23 15:48:46', '169.254.66.56');
INSERT INTO `on_log` VALUES ('50EDDA17260D4CC6BCA3341BCB65DA12', 'admin@qq.com', '查看订单', '2020-02-08 16:22:18', '192.168.2.140');
INSERT INTO `on_log` VALUES ('517135DA03314324BA7483830A86C08C', 'admin@qq.com', '根据角色ID获取左侧菜单栏', '2019-11-23 22:32:51', '111.0.186.178');
INSERT INTO `on_log` VALUES ('51772DCA89644FA3940652C56E15CDD5', 'admin@qq.com', '登录', '2019-12-21 14:51:21', '192.168.137.1');
INSERT INTO `on_log` VALUES ('51A6403F02594615AFB4AC8460062B96', 'admin@qq.com', '根据角色ID获取左侧菜单栏', '2020-01-12 11:21:53', '192.168.0.104');
INSERT INTO `on_log` VALUES ('525C6200272C46288AD362BB30BB5BC6', 'admin@qq.com', '根据角色ID获取左侧菜单栏', '2019-11-23 22:01:02', '111.0.186.178');
INSERT INTO `on_log` VALUES ('5264C6FCDA5B4B21B77218A8D191CC48', 'admin@qq.com', '系统管理-角色管理-获取所有角色信息', '2019-11-23 22:01:40', '111.0.186.178');
INSERT INTO `on_log` VALUES ('5299C31D4BCB40D28A8777715387A92B', 'admin@qq.com', '根据角色ID获取左侧菜单栏', '2019-12-21 17:02:56', '192.168.137.1');
INSERT INTO `on_log` VALUES ('52D8917455044BAF829B5204F260EDE5', 'admin@qq.com', '系统管理-模块管理-获取所有未删除的子模块信息', '2019-12-21 17:08:28', '192.168.137.1');
INSERT INTO `on_log` VALUES ('52EB85D3EE0245C4AE8D869D16B288A2', 'admin@qq.com', '查看订单', '2020-01-24 14:29:10', '192.168.2.140');
INSERT INTO `on_log` VALUES ('5314C433AE2A432197490C6C494956C3', 'admin@qq.com', '根据角色ID获取左侧菜单栏', '2020-01-05 11:50:32', '192.168.0.104');
INSERT INTO `on_log` VALUES ('5363CBD42BF14BAA865A768E0A9B6D0D', 'admin@qq.com', '根据角色ID获取左侧菜单栏', '2020-01-12 10:54:11', '192.168.0.104');
INSERT INTO `on_log` VALUES ('5423F557F2FB47BFBA134495B2DE27EE', 'admin@qq.com', '查看订单', '2020-01-24 11:11:24', '192.168.2.140');
INSERT INTO `on_log` VALUES ('5434756DF1844A409A03579C7D748BA9', 'admin@qq.com', '查看订单', '2020-02-07 15:22:37', '192.168.2.140');
INSERT INTO `on_log` VALUES ('546F921ED23F47E49FA6318DBBB0B895', 'admin@qq.com', '登录', '2019-12-17 20:26:16', '192.168.0.29');
INSERT INTO `on_log` VALUES ('54783BD1524D48E28A45BB4429B54D73', 'admin@qq.com', '根据角色ID获取左侧菜单栏', '2020-01-06 19:35:55', '192.168.137.1');
INSERT INTO `on_log` VALUES ('54B7C9D9D6464A81A1D89066A29CF6F3', 'admin@qq.com', '查看订单', '2020-02-07 15:22:29', '192.168.2.140');
INSERT INTO `on_log` VALUES ('55A2B2E96CC24298A9B5DB700D7AB30E', 'admin@qq.com', '登录', '2020-01-24 15:06:36', '192.168.2.140');
INSERT INTO `on_log` VALUES ('55D4C5B60E4644B297338DA3CB2AF5EF', 'admin@qq.com', '根据角色ID获取左侧菜单栏', '2020-01-21 10:14:15', '192.168.2.140');
INSERT INTO `on_log` VALUES ('55E11FEE619147128DF9D26913DC5D21', 'admin@qq.com', '根据角色ID获取左侧菜单栏', '2020-01-21 16:16:52', '192.168.2.140');
INSERT INTO `on_log` VALUES ('564122BE49544B32A6F7EDEBF670C5C4', 'admin@qq.com', '系统管理-模块管理-获取当前模块所赋权的角色名称', '2020-01-21 16:48:09', '192.168.2.140');
INSERT INTO `on_log` VALUES ('5716853121034F879663C580E956B2BD', 'caozuo@qq.com', '根据角色ID获取左侧菜单栏', '2019-11-23 15:48:58', '169.254.66.56');
INSERT INTO `on_log` VALUES ('571F40E8FFFC4312BDCA88041DA5C26B', 'admin@qq.com', '查看订单', '2020-01-24 14:30:52', '192.168.2.140');
INSERT INTO `on_log` VALUES ('57482B28D1564051B47E856D0142AEFB', '369@qq.com', '系统管理-用户管理-获取所有用户基本信息', '2019-11-23 22:09:50', '111.0.186.178');
INSERT INTO `on_log` VALUES ('574E754C96C74F11AAD19E83A73A64F7', 'admin@qq.com', '根据角色ID获取左侧菜单栏', '2020-01-21 11:20:53', '192.168.2.140');
INSERT INTO `on_log` VALUES ('57C782D28E3A4329969AAFA4643654D5', 'admin@qq.com', '登录', '2020-01-05 11:47:05', '192.168.0.104');
INSERT INTO `on_log` VALUES ('57EF37A5CC454E6C8245CE9D54CED6AA', 'admin@qq.com', '查看订单', '2020-01-24 14:51:53', '192.168.2.140');
INSERT INTO `on_log` VALUES ('580722F8629D4CB9AA9701D5DF2AC12B', 'admin@qq.com', '系统管理-模块管理-获取所有父模块信息', '2020-01-21 09:40:24', '192.168.2.140');
INSERT INTO `on_log` VALUES ('580E533C8A914B43860F9116B03BE884', 'admin@qq.com', '登录', '2019-12-17 19:34:14', '192.168.0.29');
INSERT INTO `on_log` VALUES ('582FFBC900F0419FA204397CA443A51E', 'admin@qq.com', '查看订单', '2020-02-08 16:13:57', '192.168.2.140');
INSERT INTO `on_log` VALUES ('58638ADFEE6B45028E664C4FC7A3AC58', 'admin@qq.com', '查看订单', '2020-02-06 16:33:09', '192.168.2.140');
INSERT INTO `on_log` VALUES ('58E43BB213D74B9BBADFA1355CD8F538', 'admin@qq.com', '登录', '2020-01-21 10:12:27', '192.168.2.140');
INSERT INTO `on_log` VALUES ('59405D7F1089473198CBF37876E9A1E5', 'admin@qq.com', '根据角色ID获取左侧菜单栏', '2020-01-24 15:44:44', '192.168.2.140');
INSERT INTO `on_log` VALUES ('59CE60A51F124F8A9B0BFCA97396EC63', 'admin@qq.com', '系统管理-模块管理-模块赋权给角色', '2020-01-21 16:28:47', '192.168.2.140');
INSERT INTO `on_log` VALUES ('5A5764A7A8384DB5B4BC1EF8863456B1', 'admin@qq.com', '系统管理-模块管理-获取所有未删除的子模块信息', '2020-01-23 15:58:24', '127.0.0.1');
INSERT INTO `on_log` VALUES ('5B6675DAE8924D6D9A0B229CB866B940', 'admin@qq.com', '登录', '2020-01-12 10:44:06', '192.168.0.104');
INSERT INTO `on_log` VALUES ('5BB65C4C067846918C32FFB7531B966C', 'admin@qq.com', '系统管理-模块管理-获取所有未删除的子模块信息', '2020-02-06 16:33:03', '192.168.2.140');
INSERT INTO `on_log` VALUES ('5BF58C1819B44A269F8ECAAF7B605942', 'admin@qq.com', '查看订单', '2020-02-07 15:22:33', '192.168.2.140');
INSERT INTO `on_log` VALUES ('5C76B8300F1B42A49B273A59216B98CD', 'admin@qq.com', '根据角色ID获取左侧菜单栏', '2019-12-21 19:05:09', '192.168.137.1');
INSERT INTO `on_log` VALUES ('5D491254AED147A9AE7D30586EE18094', 'admin@qq.com', '查看订单', '2020-01-24 14:21:08', '192.168.2.140');
INSERT INTO `on_log` VALUES ('5D8F7FAADFDC47CAA8BB0219E277F8B6', 'admin@qq.com', '系统管理-用户管理-获取所有用户基本信息', '2019-11-23 22:03:56', '111.0.186.178');
INSERT INTO `on_log` VALUES ('5D99909156EC43E18D6F8A8B4BD0A72F', 'admin@qq.com', '查看订单', '2020-02-06 16:32:51', '192.168.2.140');
INSERT INTO `on_log` VALUES ('5DEEA0C285AC41EA81CE77943162A275', 'admin@qq.com', '系统管理-用户管理-获取所有用户基本信息', '2019-12-05 11:31:40', '192.168.0.28');
INSERT INTO `on_log` VALUES ('5DFD6A7101F4477BB0FF9D67574C6BF7', 'admin@qq.com', '更换头像', '2019-11-23 22:04:16', '111.0.186.178');
INSERT INTO `on_log` VALUES ('5E845FA558894F6FAF5D1F0ECD23FCDA', 'admin@qq.com', '根据角色ID获取左侧菜单栏', '2020-01-22 20:28:00', '192.168.2.140');
INSERT INTO `on_log` VALUES ('5EA2B2ABCC4D4DFD9E58B57AB5F2EB84', 'admin@qq.com', '查看订单', '2020-01-24 14:58:35', '192.168.2.140');
INSERT INTO `on_log` VALUES ('5FD95AAEF2EC4158A5B248E0E965AFE4', 'admin@qq.com', '系统管理-模块管理-获取所有父模块信息', '2020-01-21 09:40:25', '192.168.2.140');
INSERT INTO `on_log` VALUES ('5FE30576E9994164A4BDE51190504813', 'admin@qq.com', '更换头像', '2019-11-23 22:03:21', '111.0.186.178');
INSERT INTO `on_log` VALUES ('602DAD87D654469C80AE27CC8677E435', 'admin@qq.com', '根据角色ID获取左侧菜单栏', '2020-01-21 11:39:34', '192.168.2.140');
INSERT INTO `on_log` VALUES ('60405D713C9441219EE30A803EA60185', 'admin@qq.com', '查看订单', '2020-02-07 14:45:13', '192.168.2.140');
INSERT INTO `on_log` VALUES ('6057ACDC2B234A3FAE235305186986C4', 'admin@qq.com', '系统管理-模块管理-获取所有父模块信息', '2020-01-21 16:29:13', '192.168.2.140');
INSERT INTO `on_log` VALUES ('60592D8CCCE146E1BEF370C2E2B55445', 'admin@qq.com', '系统管理-模块管理-获取所有父模块信息', '2020-01-21 16:29:08', '192.168.2.140');
INSERT INTO `on_log` VALUES ('6068317C723141D7A5112385F810C0F8', 'admin@qq.com', '登录', '2020-01-23 17:11:06', '192.168.2.140');
INSERT INTO `on_log` VALUES ('6086BD92AFF343C99FB0843D98CB481D', 'admin@qq.com', '查看订单', '2020-01-24 16:45:34', '192.168.2.140');
INSERT INTO `on_log` VALUES ('6112B7E0D3834A248397BBCD1315C645', 'admin@qq.com', '系统管理-模块管理-获取所有未删除的子模块信息', '2019-11-23 15:48:42', '169.254.66.56');
INSERT INTO `on_log` VALUES ('6113D34973DC433FB9B08F7F8A1056E6', 'admin@qq.com', '查看订单', '2020-01-24 14:36:58', '192.168.2.140');
INSERT INTO `on_log` VALUES ('61210FF7814F47A38471285311B37261', 'admin@qq.com', '根据角色ID获取左侧菜单栏', '2020-01-04 14:50:17', '192.168.0.29');
INSERT INTO `on_log` VALUES ('61772EDC1350493CA38E6850994E2AAF', 'admin@qq.com', '登录', '2020-02-07 20:39:33', '192.168.2.140');
INSERT INTO `on_log` VALUES ('61B93A02845D483A85845D8629FF0575', 'admin@qq.com', '登录', '2020-01-24 11:10:44', '192.168.2.140');
INSERT INTO `on_log` VALUES ('6220B28AB4924995BF615E290A091853', 'admin@qq.com', '系统管理-模块管理-获取当前模块所赋权的角色名称', '2019-11-23 22:09:00', '111.0.186.178');
INSERT INTO `on_log` VALUES ('62CBBEA71F534981B2156E61B993D658', 'admin@qq.com', '登录', '2020-01-15 17:48:35', '192.168.137.1');
INSERT INTO `on_log` VALUES ('62D0E044BBCE4440A3E1CE0111B7E710', 'admin@qq.com', '根据角色ID获取左侧菜单栏', '2020-01-21 16:05:56', '192.168.2.140');
INSERT INTO `on_log` VALUES ('6323E2B4C613480492A795AC1550E1F5', 'admin@qq.com', '根据角色ID获取左侧菜单栏', '2020-01-15 18:41:24', '192.168.137.1');
INSERT INTO `on_log` VALUES ('632890D5FFBE49F2B90D750E99103C88', 'admin@qq.com', '查看订单', '2020-01-24 14:39:21', '192.168.2.140');
INSERT INTO `on_log` VALUES ('643A13E34D634CA59CA1593494B9A783', 'admin@qq.com', '根据角色ID获取左侧菜单栏', '2020-01-12 11:05:23', '192.168.0.104');
INSERT INTO `on_log` VALUES ('64B3C2B678F04180A86B4574CBD58D97', 'admin@qq.com', '登录', '2020-01-05 11:42:24', '192.168.0.104');
INSERT INTO `on_log` VALUES ('64BBD1EB22D84F829165C8122AF93EF6', 'admin@qq.com', '系统管理-模块管理-获取当前模块所赋权的角色名称', '2020-01-15 17:46:49', '192.168.137.1');
INSERT INTO `on_log` VALUES ('64DA6EA0A55346F185220CA8E71C40E5', 'admin@qq.com', '登录', '2020-02-07 20:31:02', '192.168.2.140');
INSERT INTO `on_log` VALUES ('654D5B4B219A4E89AE32B4DE8C80FB01', 'admin@qq.com', '查看订单', '2020-01-24 14:31:16', '192.168.2.140');
INSERT INTO `on_log` VALUES ('65AB86198AEF4630B06B5F8AF39AA471', 'admin@qq.com', '查看订单', '2020-02-07 14:45:47', '192.168.2.140');
INSERT INTO `on_log` VALUES ('66004749BC4149C69176796E99ED1BD2', 'admin@qq.com', '系统管理-角色管理-获取所有角色信息', '2019-11-23 22:03:06', '111.0.186.178');
INSERT INTO `on_log` VALUES ('6615DC365BCE49048ED45F0D8C8C6837', 'admin@qq.com', '登录', '2019-12-17 20:13:17', '192.168.0.29');
INSERT INTO `on_log` VALUES ('662632B2EF5749EB949D9E661A800DFA', 'admin@qq.com', '查看订单', '2020-02-07 14:43:01', '192.168.2.140');
INSERT INTO `on_log` VALUES ('66447E153EFF4611BF355E0048B2C6AA', 'admin@qq.com', '系统管理-角色管理-获取所有角色信息', '2019-11-23 22:02:14', '111.0.186.178');
INSERT INTO `on_log` VALUES ('66F87E976285490985C64133252F7F70', 'admin@qq.com', '登录', '2020-01-21 09:35:07', '192.168.2.140');
INSERT INTO `on_log` VALUES ('6758C565D1A34DFB88901FF6D3DC9E33', 'admin@qq.com', '查看订单', '2020-01-24 16:45:34', '192.168.2.140');
INSERT INTO `on_log` VALUES ('67C81C4A8AE247C68EA76C33D9765962', 'admin@qq.com', '登录', '2020-01-24 16:41:00', '192.168.2.140');
INSERT INTO `on_log` VALUES ('67D5CF1506A54D00ADBA0134030F6C62', 'admin@qq.com', '系统管理-角色管理-获取所有角色信息', '2020-02-06 16:33:05', '192.168.2.140');
INSERT INTO `on_log` VALUES ('67DC5FF0D8E1476FBC7EA8D01611D414', 'admin@qq.com', '查看订单', '2020-02-07 14:44:27', '192.168.2.140');
INSERT INTO `on_log` VALUES ('685B66585100477F91534817D742D681', '369@qq.com', '系统管理-角色管理-获取所有角色信息', '2019-11-23 22:32:57', '221.223.144.180');
INSERT INTO `on_log` VALUES ('68EFA300EC8147419AB5BB8111806FD7', 'admin@qq.com', '根据角色ID获取左侧菜单栏', '2019-12-21 19:17:11', '192.168.137.1');
INSERT INTO `on_log` VALUES ('690F074C80154BF089DBCF8342DE3296', 'admin@qq.com', '系统管理-模块管理-获取所有未删除的子模块信息', '2020-01-21 11:20:46', '192.168.2.140');
INSERT INTO `on_log` VALUES ('6912AED7CCDE4BB09A0F2DC07F3434C4', 'admin@qq.com', '查看订单', '2020-01-24 11:16:57', '192.168.2.140');
INSERT INTO `on_log` VALUES ('69A4F4B7C48A4746B58B60B6A49063C6', 'admin@qq.com', '根据角色ID获取左侧菜单栏', '2020-01-21 16:28:36', '192.168.2.140');
INSERT INTO `on_log` VALUES ('69C3D0B8E0DD4FFF8D57999DC1A2098F', 'admin@qq.com', '系统管理-模块管理-获取所有未删除的子模块信息', '2020-01-15 17:46:17', '192.168.137.1');
INSERT INTO `on_log` VALUES ('6A10B21FEA3F4BE39D5AB2938035E558', 'admin@qq.com', '查看订单', '2020-01-24 16:14:13', '192.168.2.140');
INSERT INTO `on_log` VALUES ('6A96F207835A4DCA9F5BBD4A821D7D98', 'admin@qq.com', '查看订单', '2020-01-24 14:48:05', '192.168.2.140');
INSERT INTO `on_log` VALUES ('6B27151D1B1143DE989E54D34EB5D65D', 'admin@qq.com', '查看订单', '2020-01-24 11:28:50', '192.168.2.140');
INSERT INTO `on_log` VALUES ('6B976FE05368400FA6E62ED593229834', 'admin@qq.com', '根据角色ID获取左侧菜单栏', '2019-12-15 18:40:59', '192.168.0.104');
INSERT INTO `on_log` VALUES ('6BBACDA8D0364B54AF500A63CBBCEA27', 'admin@qq.com', '登录', '2019-12-17 19:32:59', '192.168.0.29');
INSERT INTO `on_log` VALUES ('6C0BAE28C2BD4806A8C17E362F0A56BB', 'admin@qq.com', '登录', '2020-01-24 14:12:31', '192.168.2.140');
INSERT INTO `on_log` VALUES ('6C17DE029574425DB3551CDB327EC90F', 'admin@qq.com', '根据角色ID获取左侧菜单栏', '2019-12-01 10:48:09', '192.168.0.100');
INSERT INTO `on_log` VALUES ('6C6FD2617B374190A4B21481DB5BE17B', 'admin@qq.com', '根据角色ID获取左侧菜单栏', '2019-12-05 11:31:34', '192.168.0.28');
INSERT INTO `on_log` VALUES ('6CA2FB48A81D4318B8C2ECD232987691', 'admin@qq.com', '查看订单', '2020-01-24 14:31:07', '192.168.2.140');
INSERT INTO `on_log` VALUES ('6D3F14F4CF9441C5B9E009C7DF0735AA', 'admin@qq.com', '根据角色ID获取左侧菜单栏', '2020-01-24 14:20:24', '192.168.2.140');
INSERT INTO `on_log` VALUES ('6D5E42A0E1F04735864BC21CD4C6B514', 'admin@qq.com', '根据角色ID获取左侧菜单栏', '2020-01-23 16:01:29', '192.168.2.140');
INSERT INTO `on_log` VALUES ('6DFC20F527784D85B67FDFCDE621E2D5', 'admin@qq.com', '查看订单', '2020-02-07 14:44:56', '192.168.2.140');
INSERT INTO `on_log` VALUES ('6E23F066FE9D494D99F6F4FFCAA0FD1B', 'admin@qq.com', '系统管理-模块管理-获取所有未删除的子模块信息', '2020-01-21 16:28:38', '192.168.2.140');
INSERT INTO `on_log` VALUES ('6E3107B6DB8E4873A301DD0E5C5DCCC1', 'admin@qq.com', '查看订单', '2020-01-24 14:37:04', '192.168.2.140');
INSERT INTO `on_log` VALUES ('6E4C6B49DBD84986A7EC3C3F7571518D', 'admin@qq.com', '根据角色ID获取左侧菜单栏', '2020-01-05 11:41:14', '192.168.0.104');
INSERT INTO `on_log` VALUES ('6E688F443630414DA06660D7326022C2', 'admin@qq.com', '系统管理-模块管理-添加父模块', '2020-01-04 14:54:26', '192.168.0.29');
INSERT INTO `on_log` VALUES ('6F3C52B4A7AA4D05902761FA207CAE9B', 'admin@qq.com', '系统管理-模块管理-获取当前模块所赋权的角色名称', '2020-01-21 11:20:48', '192.168.2.140');
INSERT INTO `on_log` VALUES ('6F56B41927B843698C1F80E075426CB5', 'admin@qq.com', '根据角色ID获取左侧菜单栏', '2020-01-24 11:31:08', '192.168.2.140');
INSERT INTO `on_log` VALUES ('703C907AC29C4A02AFE25360F4F49A5D', 'admin@qq.com', '查看订单', '2020-01-24 14:34:58', '192.168.2.140');
INSERT INTO `on_log` VALUES ('709723FB31184747AEC53E665DF69435', 'admin@qq.com', '系统管理-模块管理-获取当前模块所赋权的角色名称', '2019-11-23 15:48:46', '169.254.66.56');
INSERT INTO `on_log` VALUES ('715D0BB6EAC4439189F1E90B16395608', 'admin@qq.com', '系统管理-模块管理-获取当前模块所赋权的角色名称', '2019-11-23 22:06:07', '111.0.186.178');
INSERT INTO `on_log` VALUES ('71FD61D60A6D49919BFDA62DB6E5B10E', 'admin@qq.com', '登录', '2020-02-07 21:02:56', '192.168.2.140');
INSERT INTO `on_log` VALUES ('7210E61ECDB24D908973BB3BC0081E49', 'admin@qq.com', '系统管理-用户管理-获取所有用户基本信息', '2019-12-01 10:50:04', '192.168.0.100');
INSERT INTO `on_log` VALUES ('730A48F886124F2AB3DA19F8515D94D3', 'admin@qq.com', '查看订单', '2020-01-24 14:29:07', '192.168.2.140');
INSERT INTO `on_log` VALUES ('73B8A90E81954F42B6842DF8CB876016', 'admin@qq.com', '根据角色ID获取左侧菜单栏', '2020-01-24 11:30:22', '192.168.2.140');
INSERT INTO `on_log` VALUES ('73CB557690C04C7E95CEFE4DC95B5297', 'admin@qq.com', '根据角色ID获取左侧菜单栏', '2019-12-17 20:26:16', '192.168.0.29');
INSERT INTO `on_log` VALUES ('740CB2D6B8FA44CA95AA8AED5F207641', 'admin@qq.com', '登录', '2019-12-17 19:37:55', '192.168.0.29');
INSERT INTO `on_log` VALUES ('74D75B5B6CA54E55951923D446B4AE2B', 'admin@qq.com', '查看订单', '2020-01-24 14:21:26', '192.168.2.140');
INSERT INTO `on_log` VALUES ('7556CF5AFAF34443A1B3D12A453FF4B0', 'admin@qq.com', '根据角色ID获取左侧菜单栏', '2020-01-12 10:58:17', '192.168.0.104');
INSERT INTO `on_log` VALUES ('755B19D81CBE47CD8659E56F2BEDAF27', 'admin@qq.com', '系统管理-模块管理-获取当前模块所赋权的角色名称', '2019-11-23 22:09:07', '111.0.186.178');
INSERT INTO `on_log` VALUES ('75C861E99D4442DCADBCE4F01F9895C6', 'admin@qq.com', '根据角色ID获取左侧菜单栏', '2020-01-24 14:58:33', '192.168.2.140');
INSERT INTO `on_log` VALUES ('760CF091E8004F32AA521CA12065AF0B', 'admin@qq.com', '登录', '2020-01-24 14:46:29', '192.168.2.140');
INSERT INTO `on_log` VALUES ('76463DD6445540D694D521271ED4FF63', 'admin@qq.com', '根据角色ID获取左侧菜单栏', '2020-01-23 17:11:06', '192.168.2.140');
INSERT INTO `on_log` VALUES ('76C6EDD49FE546009DE27181EC66BE0B', 'admin@qq.com', '根据角色ID获取左侧菜单栏', '2020-01-22 19:33:51', '192.168.2.140');
INSERT INTO `on_log` VALUES ('77620957FE7C4580A948A0B6BD3398BC', 'admin@qq.com', '根据角色ID获取左侧菜单栏', '2020-01-05 11:52:51', '192.168.0.104');
INSERT INTO `on_log` VALUES ('7779A21519EE4404B9F5EB6588910AE5', 'admin@qq.com', '系统管理-模块管理-获取所有未删除的子模块信息', '2020-01-23 15:58:02', '127.0.0.1');
INSERT INTO `on_log` VALUES ('777DE187EF254144831F0C968BE356EF', 'admin@qq.com', '查看订单', '2020-02-07 14:43:01', '192.168.2.140');
INSERT INTO `on_log` VALUES ('77937F1EEF63491CB2B28FB15B2F570D', 'admin@qq.com', '根据角色ID获取左侧菜单栏', '2019-12-17 19:37:40', '192.168.0.29');
INSERT INTO `on_log` VALUES ('77CF23E7D41C4D45B67BC53EBC78BDAE', 'admin@qq.com', '根据角色ID获取左侧菜单栏', '2019-12-21 19:07:04', '192.168.137.1');
INSERT INTO `on_log` VALUES ('78318955227B4D2D977B5719D57086D1', 'admin@qq.com', '系统管理-模块管理-获取当前模块所赋权的角色名称', '2019-11-23 22:09:11', '111.0.186.178');
INSERT INTO `on_log` VALUES ('78C808116C1D46EE83736A599AF2AA43', 'admin@qq.com', '系统管理-模块管理-获取所有父模块信息', '2019-11-23 22:09:00', '111.0.186.178');
INSERT INTO `on_log` VALUES ('79AFEBD233DA4E44A11DED744DCC637E', 'admin@qq.com', '根据角色ID获取左侧菜单栏', '2020-01-22 20:01:20', '192.168.2.140');
INSERT INTO `on_log` VALUES ('79D1C9B7F62E42809AB6F4B00A87DE85', 'admin@qq.com', '查看订单', '2020-01-24 14:12:40', '192.168.2.140');
INSERT INTO `on_log` VALUES ('7A115DE04E284E7482C556B5E15F0AF3', 'admin@qq.com', '查看订单', '2020-01-24 14:22:30', '192.168.2.140');
INSERT INTO `on_log` VALUES ('7AE1AEA0C00E4994BD1EB0350DFDF3A0', 'admin@qq.com', '登录', '2020-01-24 13:57:47', '192.168.2.140');
INSERT INTO `on_log` VALUES ('7B0B154113CA4DBB89E343BDF6D2413B', 'admin@qq.com', '根据角色ID获取左侧菜单栏', '2020-01-22 19:37:24', '192.168.2.140');
INSERT INTO `on_log` VALUES ('7B17C8440AAB4D3890DB629C867F049F', 'admin@qq.com', '根据角色ID获取左侧菜单栏', '2019-12-15 19:00:45', '192.168.0.104');
INSERT INTO `on_log` VALUES ('7B27ECDD00EC4AB68FBC6E5F5CA18F5C', 'admin@qq.com', '查看订单', '2020-01-24 11:12:27', '192.168.2.140');
INSERT INTO `on_log` VALUES ('7BDC3B076A7046518FA4D187AF567703', 'admin@qq.com', '查看订单', '2020-01-24 11:34:44', '192.168.2.140');
INSERT INTO `on_log` VALUES ('7C0C66C4AB684C5C8FF7296B13EF892E', 'admin@qq.com', '根据角色ID获取左侧菜单栏', '2020-01-05 11:47:05', '192.168.0.104');
INSERT INTO `on_log` VALUES ('7C406AB321C14650BA1E970D8E85B3F6', 'admin@qq.com', '查看订单', '2020-01-24 11:26:16', '192.168.2.140');
INSERT INTO `on_log` VALUES ('7C6510D68B4E45F9A76C93A9F9299DCF', 'admin@qq.com', '系统管理-模块管理-获取所有未删除的子模块信息', '2019-12-01 10:50:04', '192.168.0.100');
INSERT INTO `on_log` VALUES ('7C9C7B9C3BF44EAC989B4FD25255D514', 'admin@qq.com', '系统管理-模块管理-获取所有父模块信息', '2020-01-21 11:20:48', '192.168.2.140');
INSERT INTO `on_log` VALUES ('7DC1FC75D86B460F8640A112EA6543B6', 'admin@qq.com', '系统管理-模块管理-获取所有未删除的子模块信息', '2020-01-15 17:46:48', '192.168.137.1');
INSERT INTO `on_log` VALUES ('7EC2EBFFB4794926868A52EB06DBAE95', 'admin@qq.com', '查看订单', '2020-01-24 14:21:14', '192.168.2.140');
INSERT INTO `on_log` VALUES ('7ECD67CF34C740B48F39DA6108EC0A8B', 'admin@qq.com', '登录', '2020-01-22 20:34:04', '192.168.2.140');
INSERT INTO `on_log` VALUES ('7ED9DF0E67774D82A61CE785F9D6C94F', 'admin@qq.com', '系统管理-用户管理-管理员更新用户信息', '2019-11-23 22:03:52', '111.0.186.178');
INSERT INTO `on_log` VALUES ('7FCC5EC7958442499258BE91540D0BDA', 'admin@qq.com', '根据角色ID获取左侧菜单栏', '2019-12-17 20:32:36', '192.168.0.29');
INSERT INTO `on_log` VALUES ('804D4539FAD54B0496C547FBBEEB19B2', 'admin@qq.com', '根据角色ID获取左侧菜单栏', '2020-01-12 11:23:56', '192.168.0.104');
INSERT INTO `on_log` VALUES ('8145C5BD249A452FBCD601160B2AA6B9', 'admin@qq.com', '登录', '2020-01-12 11:25:51', '192.168.0.104');
INSERT INTO `on_log` VALUES ('818EA7A7942B4322AE4E5FE0B3FAE58A', 'admin@qq.com', '系统管理-模块管理-获取所有父模块信息', '2020-01-21 16:28:45', '192.168.2.140');
INSERT INTO `on_log` VALUES ('819556A66EAA4D7C98CAC7DF8D4E0C56', 'admin@qq.com', '查看订单', '2020-01-24 11:32:04', '192.168.2.140');
INSERT INTO `on_log` VALUES ('81FE4A2CD06044EBA9645AFB8C132EF4', 'admin@qq.com', '根据角色ID获取左侧菜单栏', '2019-12-21 14:51:21', '192.168.137.1');
INSERT INTO `on_log` VALUES ('821A53F22F114962A778A548CA3BFB8D', 'admin@qq.com', '登录', '2020-01-24 16:26:18', '192.168.2.140');
INSERT INTO `on_log` VALUES ('8295BFC0D5804281A8227F4F2B5F860C', 'admin@qq.com', '查看订单', '2020-01-24 14:34:58', '192.168.2.140');
INSERT INTO `on_log` VALUES ('82B76EB7D6AA4061BBA1B50B84A69BB5', 'admin@qq.com', '根据角色ID获取左侧菜单栏', '2019-12-21 16:10:59', '192.168.137.1');
INSERT INTO `on_log` VALUES ('82D643C04E9D4E1CB8E162FBBDD8130A', 'admin@qq.com', '系统管理-角色管理-获取所有角色信息', '2020-01-04 14:53:26', '192.168.0.29');
INSERT INTO `on_log` VALUES ('83422314E763406DA534F87866EED37B', 'admin@qq.com', '系统管理-模块管理-获取所有未删除的子模块信息', '2019-12-05 11:31:48', '192.168.0.28');
INSERT INTO `on_log` VALUES ('835B52DB29014049811510CA2A418A27', 'admin@qq.com', '查看订单', '2020-02-07 14:43:01', '192.168.2.140');
INSERT INTO `on_log` VALUES ('837C424CE487435BB840314306F6E9A8', 'admin@qq.com', '登录', '2020-02-08 11:26:06', '2.0.1.35');
INSERT INTO `on_log` VALUES ('83AA6137363F4DA49DD52245711028CB', 'admin@qq.com', '查看订单', '2020-01-24 14:36:58', '192.168.2.140');
INSERT INTO `on_log` VALUES ('83D72C3533B44610AF3C536316CFDF5C', 'admin@qq.com', '系统管理-模块管理-模块赋权给角色', '2020-01-15 17:46:52', '192.168.137.1');
INSERT INTO `on_log` VALUES ('83D7AF300B4746649BB45D40EFD0322B', 'admin@qq.com', '更换头像', '2019-11-23 22:03:52', '111.0.186.178');
INSERT INTO `on_log` VALUES ('83D803173138475BAC84F4CF6F34585F', 'admin@qq.com', '根据角色ID获取左侧菜单栏', '2020-01-24 11:26:07', '192.168.2.140');
INSERT INTO `on_log` VALUES ('83E299C259BF49EB86E4FE7C9280B329', 'admin@qq.com', '登录', '2020-01-23 16:01:29', '192.168.2.140');
INSERT INTO `on_log` VALUES ('8414B58FEABB45A28CFF98058B8E105E', 'admin@qq.com', '系统管理-角色管理-获取所有角色信息', '2019-11-23 22:03:29', '111.0.186.178');
INSERT INTO `on_log` VALUES ('84332B5E71C44C6A8F16BD98F0627583', 'admin@qq.com', '系统管理-角色管理-获取所有角色信息', '2019-11-23 22:07:29', '111.0.186.178');
INSERT INTO `on_log` VALUES ('852C2DA8380A4C98A54E92CFAC4B663C', 'admin@qq.com', '根据角色ID获取左侧菜单栏', '2019-12-21 16:55:09', '192.168.137.1');
INSERT INTO `on_log` VALUES ('85469C39F9C74E389BE6D1D9C72C3638', '369@qq.com', '根据角色ID获取左侧菜单栏', '2019-11-23 22:09:45', '111.0.186.178');
INSERT INTO `on_log` VALUES ('86580B4E33E1412D9F332293017145E7', 'admin@qq.com', '系统管理-模块管理-获取所有未删除的子模块信息', '2019-12-15 11:36:29', '192.168.0.104');
INSERT INTO `on_log` VALUES ('865EEC15C5C24969B7EE229B57F42620', 'admin@qq.com', '系统管理-模块管理-获取所有未删除的子模块信息', '2019-12-15 18:48:01', '192.168.0.104');
INSERT INTO `on_log` VALUES ('86D7C1FB768B43EEA39AADB15D33D142', 'admin@qq.com', '查看订单', '2020-02-08 16:26:31', '192.168.2.140');
INSERT INTO `on_log` VALUES ('86E0087C992E48E283C6E35DC0DD5237', 'admin@qq.com', '查看订单', '2020-02-06 20:02:33', '192.168.2.140');
INSERT INTO `on_log` VALUES ('86E5BE7044244CB5AFE9B769B135FE68', 'admin@qq.com', '根据角色ID获取左侧菜单栏', '2019-11-23 22:33:06', '111.0.186.178');
INSERT INTO `on_log` VALUES ('872A846211B045AF8FC1D35F2EC1575E', 'admin@qq.com', '系统管理-角色管理-获取所有角色信息', '2020-01-21 16:29:06', '192.168.2.140');
INSERT INTO `on_log` VALUES ('8759A0D2DF4B46088E521FD5CABA2484', 'admin@qq.com', '查看订单', '2020-01-24 16:43:37', '192.168.2.140');
INSERT INTO `on_log` VALUES ('87A8D45A8EAA44B5A220855B1D00E52B', 'admin@qq.com', '系统管理-模块管理-获取所有父模块信息', '2019-11-23 22:09:00', '111.0.186.178');
INSERT INTO `on_log` VALUES ('88940D21BED04AF08C31E37B072D084A', 'admin@qq.com', '根据角色ID获取左侧菜单栏', '2020-01-06 19:16:46', '192.168.137.1');
INSERT INTO `on_log` VALUES ('8929B55EB17847B696A259A523F122E8', 'admin@qq.com', '根据角色ID获取左侧菜单栏', '2019-11-23 22:09:31', '111.0.186.178');
INSERT INTO `on_log` VALUES ('897DFC4047D7426AB45748FB87390C34', 'admin@qq.com', '查看订单', '2020-01-24 11:31:19', '192.168.2.140');
INSERT INTO `on_log` VALUES ('89948BD9DF104B9298CFFC45967C61B8', 'admin@qq.com', '根据角色ID获取左侧菜单栏', '2019-12-17 19:46:23', '192.168.0.29');
INSERT INTO `on_log` VALUES ('8A3E4FA938F9487C9F36D5DB20E21CDD', 'admin@qq.com', '登录', '2020-01-06 19:15:53', '192.168.137.1');
INSERT INTO `on_log` VALUES ('8A46109EC3844BFB99E23454869208D0', 'admin@qq.com', '根据角色ID获取左侧菜单栏', '2020-01-04 14:54:04', '192.168.0.29');
INSERT INTO `on_log` VALUES ('8A7D00B793DC4165B82465EB1927F1F7', 'admin@qq.com', '根据角色ID获取左侧菜单栏', '2020-01-24 15:42:30', '192.168.2.140');
INSERT INTO `on_log` VALUES ('8A86C1B1642A420E9865BE8F3A0A5CE8', 'admin@qq.com', '登录', '2019-12-17 20:35:41', '192.168.0.29');
INSERT INTO `on_log` VALUES ('8B18ABE1A5D84F0897313DF24A005A56', 'admin@qq.com', '系统管理-模块管理-获取所有父模块信息', '2020-01-21 16:29:51', '192.168.2.140');
INSERT INTO `on_log` VALUES ('8B1AF1967E0A4DBE944CAD6562578817', 'admin@qq.com', '查看订单', '2020-01-24 14:34:41', '192.168.2.140');
INSERT INTO `on_log` VALUES ('8B7172D1E1E240BB9D84F808F22660FD', 'admin@qq.com', '系统管理-角色管理-获取所有角色信息', '2019-11-23 15:26:47', '169.254.66.56');
INSERT INTO `on_log` VALUES ('8BA2F6CD6DA54520ACB58DD1A7802FE3', 'admin@qq.com', '根据角色ID获取左侧菜单栏', '2019-12-17 20:13:17', '192.168.0.29');
INSERT INTO `on_log` VALUES ('8BA465E79E454F129CA342921B2C0C0D', 'admin@qq.com', '系统管理-用户管理-管理员更新用户信息', '2019-11-23 22:04:16', '111.0.186.178');
INSERT INTO `on_log` VALUES ('8BDF0B18091A4E38A7050B74FE07179B', 'admin@qq.com', '根据角色ID获取左侧菜单栏', '2020-01-05 11:22:05', '192.168.0.104');
INSERT INTO `on_log` VALUES ('8C6831D722DD4860A6361B23936B0199', 'admin@qq.com', '登录', '2020-02-07 14:35:59', '127.0.0.1');
INSERT INTO `on_log` VALUES ('8CC38A4820824F02A349E978796911C3', 'admin@qq.com', '查看订单', '2020-02-07 15:22:29', '192.168.2.140');
INSERT INTO `on_log` VALUES ('8CD23486E14A424EB3C41647C4B16CB7', 'admin@qq.com', '查看订单', '2020-02-06 21:55:37', '192.168.2.140');
INSERT INTO `on_log` VALUES ('8CF9CCD2D9454F729C4B2023423F2249', 'admin@qq.com', '系统管理-用户管理-获取所有用户基本信息', '2020-01-15 17:27:53', '192.168.137.1');
INSERT INTO `on_log` VALUES ('8D0DEEF70E344AC7BFB4FC5E5CBF38FF', 'admin@qq.com', '查看订单', '2020-02-07 15:22:34', '192.168.2.140');
INSERT INTO `on_log` VALUES ('8D52E54CB9EE41F89E9789E61E2D935C', '', '登录', '2020-01-04 14:49:57', '192.168.0.29');
INSERT INTO `on_log` VALUES ('8D716B942B0B43E5BAB163A7B8F173D0', 'admin@qq.com', '系统管理-模块管理-模块赋权给角色', '2019-11-23 22:09:17', '111.0.186.178');
INSERT INTO `on_log` VALUES ('8E7B112D347C40F7ABDE7B9F86E84033', 'admin@qq.com', '查看订单', '2020-01-24 11:35:54', '192.168.2.140');
INSERT INTO `on_log` VALUES ('8E8DD13C09CF4EA3AE210A3A4748E682', 'admin@qq.com', '根据角色ID获取左侧菜单栏', '2020-01-05 20:34:50', '192.168.0.104');
INSERT INTO `on_log` VALUES ('8EE4FF265B5A47F29BDF7DF6E3DC3FFC', 'admin@qq.com', '根据角色ID获取左侧菜单栏', '2020-02-08 11:26:07', '2.0.1.35');
INSERT INTO `on_log` VALUES ('8F50DF1AA7E948C38A2F26D81C7C52FE', 'admin@qq.com', '根据角色ID获取左侧菜单栏', '2019-12-21 18:31:17', '192.168.137.1');
INSERT INTO `on_log` VALUES ('8F70FEB2D5C54613A2E517D2E743DF2E', 'admin@qq.com', '登录', '2019-12-17 19:36:19', '192.168.0.29');
INSERT INTO `on_log` VALUES ('8F875A2531AE4A67AF81B2F4C7C00579', 'admin@qq.com', '系统管理-模块管理-获取所有未删除的子模块信息', '2020-01-04 14:55:19', '192.168.0.29');
INSERT INTO `on_log` VALUES ('8F99F3BE952C404AA21BC0104C023931', 'admin@qq.com', '登录', '2020-01-23 17:07:42', '192.168.2.140');
INSERT INTO `on_log` VALUES ('8FC1AF28267042BCAFB845918EE20F62', 'admin@qq.com', '系统管理-模块管理-获取当前模块所赋权的角色名称', '2020-01-21 16:29:11', '192.168.2.140');
INSERT INTO `on_log` VALUES ('8FE5847C37234E0B984D79B6605DDA77', 'admin@qq.com', '查看订单', '2020-01-24 16:14:13', '192.168.2.140');
INSERT INTO `on_log` VALUES ('8FF31F8E60004029B112B46CABB219B3', 'admin@qq.com', '登录', '2020-01-22 17:15:29', '192.168.2.140');
INSERT INTO `on_log` VALUES ('9036CD75B22345F3AE8310060E6AB872', 'admin@qq.com', '登录', '2020-01-04 16:49:00', '192.168.0.29');
INSERT INTO `on_log` VALUES ('9055C334F92C4C469F5B1422735D8224', 'admin@qq.com', '查看订单', '2020-02-08 16:26:40', '192.168.2.140');
INSERT INTO `on_log` VALUES ('90A5E52FECB04BB69455836343E079FA', 'admin@qq.com', '系统管理-模块管理-获取当前模块所赋权的角色名称', '2020-01-21 16:28:40', '192.168.2.140');
INSERT INTO `on_log` VALUES ('90B9ACD348E54C4F9D404E3FE413A550', 'admin@qq.com', '系统管理-模块管理-获取所有未删除的子模块信息', '2020-01-04 14:50:53', '192.168.0.29');
INSERT INTO `on_log` VALUES ('912E4EDA821748619F48C32E5A9B0829', 'admin@qq.com', '查看订单', '2020-01-24 14:36:58', '192.168.2.140');
INSERT INTO `on_log` VALUES ('914BAFBCC1054C0495B7929976290941', 'admin@qq.com', '查看订单', '2020-02-07 14:45:13', '192.168.2.140');
INSERT INTO `on_log` VALUES ('919CC4BE72194E8FB8AFA9AC2A5AC371', 'admin@qq.com', '根据角色ID获取左侧菜单栏', '2020-01-21 09:35:07', '192.168.2.140');
INSERT INTO `on_log` VALUES ('91BCB622EFA148C5B259BB2E2EA5784E', 'admin@qq.com', '系统管理-用户管理-获取所有用户基本信息', '2020-01-05 11:49:10', '192.168.0.104');
INSERT INTO `on_log` VALUES ('9236FA3BCC4E456297D05494795E70D5', 'admin@qq.com', '根据角色ID获取左侧菜单栏', '2020-01-24 10:53:39', '192.168.2.140');
INSERT INTO `on_log` VALUES ('93133F3CAF1E4280A13098F426C51309', 'admin@qq.com', '系统管理-角色管理-获取所有角色信息', '2020-01-04 14:50:54', '192.168.0.29');
INSERT INTO `on_log` VALUES ('93258222155242C7860BCD999C1AEABB', 'admin@qq.com', '登录', '2020-01-12 11:05:23', '192.168.0.104');
INSERT INTO `on_log` VALUES ('9347EC139FCE42ABA675A0CB0857675B', 'admin@qq.com', '系统管理-模块管理-获取所有父模块信息', '2020-01-04 14:54:15', '192.168.0.29');
INSERT INTO `on_log` VALUES ('94E41A6BB258457BBB18BF8F76E91D27', 'admin@qq.com', '系统管理-用户管理-获取所有用户基本信息', '2019-12-21 17:08:27', '192.168.137.1');
INSERT INTO `on_log` VALUES ('954C8839F4AD41048C94A813286F11BA', 'admin@qq.com', '查看订单', '2020-02-07 14:44:56', '192.168.2.140');
INSERT INTO `on_log` VALUES ('97612F286B7B48DB904AD00082EE9460', 'admin@qq.com', '登录', '2020-01-06 19:16:46', '192.168.137.1');
INSERT INTO `on_log` VALUES ('976DC748B4EC4DA68DD4888F4F129F21', 'admin@qq.com', '登录', '2020-01-24 10:53:39', '192.168.2.140');
INSERT INTO `on_log` VALUES ('978DFF62F2DF47B5B2CF695F0790BE1F', 'admin@qq.com', '根据角色ID获取左侧菜单栏', '2020-01-23 17:11:46', '192.168.2.140');
INSERT INTO `on_log` VALUES ('981E3FFC8393452ABDDFAF02E8D8CF01', 'admin@qq.com', '查看订单', '2020-01-24 14:34:13', '192.168.2.140');
INSERT INTO `on_log` VALUES ('9834481C42194432902CA53B13338123', 'admin@qq.com', '根据角色ID获取左侧菜单栏', '2020-01-23 17:00:30', '192.168.2.140');
INSERT INTO `on_log` VALUES ('9860595E36CB4BD5B6984B5AFEF9C503', 'admin@qq.com', '查看订单', '2020-01-24 14:38:14', '192.168.2.140');
INSERT INTO `on_log` VALUES ('98867FCD1F9545C9A19587E318561B74', 'admin@qq.com', '根据角色ID获取左侧菜单栏', '2020-01-04 16:50:15', '192.168.0.29');
INSERT INTO `on_log` VALUES ('98C0086332104540813AF5C7B5F66AA5', 'admin@qq.com', '查看订单', '2020-01-24 11:34:54', '192.168.2.140');
INSERT INTO `on_log` VALUES ('99286654D90A4FA89F1092E09A838472', 'admin@qq.com', '系统管理-角色管理-获取所有角色信息', '2019-11-23 22:01:16', '111.0.186.178');
INSERT INTO `on_log` VALUES ('999358D2B3F64500A94CAA5D77AABE97', 'admin@qq.com', '查看订单', '2020-02-08 16:22:51', '192.168.2.140');
INSERT INTO `on_log` VALUES ('99A8B0FEEC9249C0BEF3AFE8BD70CDEC', '369@qq.com', '根据角色ID获取左侧菜单栏', '2019-11-23 22:23:26', '111.0.186.178');
INSERT INTO `on_log` VALUES ('99D34613E8F14D4DB23CDCA2CAA43D41', 'admin@qq.com', '登录', '2020-01-23 15:58:47', '127.0.0.1');
INSERT INTO `on_log` VALUES ('9B1FC172E5B84F65B5C4F0BDE0CBBBE5', 'admin@qq.com', '根据角色ID获取左侧菜单栏', '2020-01-04 16:50:31', '192.168.0.29');
INSERT INTO `on_log` VALUES ('9B838CB5EB784EC68E03A774FC7D0764', 'admin@qq.com', '登录', '2020-01-06 19:35:55', '192.168.137.1');
INSERT INTO `on_log` VALUES ('9BE1F59942584917AC99B4A20A267EB8', 'admin@qq.com', '登录', '2020-01-24 15:39:48', '192.168.2.140');
INSERT INTO `on_log` VALUES ('9C274F4E9A58492586F780481923F8B8', 'admin@qq.com', '系统管理-模块管理-模块赋权给角色', '2019-11-23 22:09:09', '111.0.186.178');
INSERT INTO `on_log` VALUES ('9C384B706E9142819FEB5CDE0C9F5E41', 'admin@qq.com', '根据角色ID获取左侧菜单栏', '2020-01-24 14:12:31', '192.168.2.140');
INSERT INTO `on_log` VALUES ('9C5C73CB5CA24662AB478C3AA7F4F177', 'admin@qq.com', '登录', '2020-01-24 11:40:50', '192.168.2.140');
INSERT INTO `on_log` VALUES ('9E09FE2DA8F6428E868C50F9CBC5DD90', 'admin@qq.com', '根据角色ID获取左侧菜单栏', '2020-02-07 20:56:28', '192.168.2.140');
INSERT INTO `on_log` VALUES ('9E41EAE2560C4A838196E11A7D42C269', 'admin@qq.com', '系统管理-模块管理-获取所有未删除的子模块信息', '2020-02-07 21:04:02', '192.168.2.140');
INSERT INTO `on_log` VALUES ('9EA663EDA327422BA85F75A07A7BA360', 'admin@qq.com', '查看订单', '2020-02-06 16:31:58', '192.168.2.140');
INSERT INTO `on_log` VALUES ('9F8961A415734CCC83B5B115CFA67929', 'admin@qq.com', '系统管理-模块管理-获取所有父模块信息', '2020-01-21 16:28:40', '192.168.2.140');
INSERT INTO `on_log` VALUES ('A02BBBD88F4A4BCEBA4DA843C7D052A0', 'admin@qq.com', '查看订单', '2020-01-24 15:39:51', '192.168.2.140');
INSERT INTO `on_log` VALUES ('A053BE7E7BE6493C945A2C4D033AD892', 'admin@qq.com', '查看订单', '2020-01-24 14:51:53', '192.168.2.140');
INSERT INTO `on_log` VALUES ('A0CB227FB0704C52AA2E6208A79AE407', 'admin@qq.com', '登录', '2020-01-21 10:13:01', '192.168.2.140');
INSERT INTO `on_log` VALUES ('A12CB88A9839444BB001E89AE0A51B12', 'admin@qq.com', '登录', '2020-01-22 19:33:51', '192.168.2.140');
INSERT INTO `on_log` VALUES ('A132C11121E14E0E8C7861C3973028BE', 'admin@qq.com', '登录', '2019-12-21 19:17:11', '192.168.137.1');
INSERT INTO `on_log` VALUES ('A19CE5897DD0448E8ADEB021FDF3B2DD', 'admin@qq.com', '根据角色ID获取左侧菜单栏', '2020-01-23 16:14:02', '192.168.2.140');
INSERT INTO `on_log` VALUES ('A1C1DEC0F3D64BD48B7E78DC4C6D3D31', 'admin@qq.com', '系统管理-模块管理-获取所有父模块信息', '2019-11-23 22:09:02', '111.0.186.178');
INSERT INTO `on_log` VALUES ('A1FC4639C18E450686BEF623E2D79C43', 'admin@qq.com', '登录', '2020-02-07 15:18:09', '192.168.2.140');
INSERT INTO `on_log` VALUES ('A23CB38A248E4E31AE57FB59DFC7B441', 'admin@qq.com', '查看订单', '2020-02-07 15:22:33', '192.168.2.140');
INSERT INTO `on_log` VALUES ('A25ECA8D3D6A42D4A49DF3A3B90C2A2A', 'admin@qq.com', '系统管理-模块管理-获取所有未删除的子模块信息', '2020-01-21 09:40:32', '192.168.2.140');
INSERT INTO `on_log` VALUES ('A2AF73081FB54208AD0DC83470830F74', 'admin@qq.com', '根据角色ID获取左侧菜单栏', '2020-01-12 11:25:51', '192.168.0.104');
INSERT INTO `on_log` VALUES ('A2BACC3C063D4FAFAFF6527566B40A44', 'admin@qq.com', '根据角色ID获取左侧菜单栏', '2019-12-06 09:17:51', '192.168.0.28');
INSERT INTO `on_log` VALUES ('A31916D68859401796BB4AA4FE0A022F', 'admin@qq.com', '登录', '2020-01-15 19:18:09', '192.168.137.1');
INSERT INTO `on_log` VALUES ('A32E8DC8875B4156B94B06C0A0155CDB', 'admin@qq.com', '登录', '2020-02-08 13:39:04', '192.168.2.140');
INSERT INTO `on_log` VALUES ('A3F752F488AA4A8DA9983848A44289C5', 'admin@qq.com', '根据角色ID获取左侧菜单栏', '2020-01-23 16:42:53', '192.168.2.140');
INSERT INTO `on_log` VALUES ('A46D9F3F88C2477EA376934181CBCEDD', 'admin@qq.com', '查看订单', '2020-02-07 15:22:31', '192.168.2.140');
INSERT INTO `on_log` VALUES ('A47D77608D234BA1982FBD92287990E8', 'admin@qq.com', '系统管理-模块管理-获取所有未删除的子模块信息', '2020-01-21 09:39:35', '192.168.2.140');
INSERT INTO `on_log` VALUES ('A4A5D5ACDBEA4572AC49C0BED62D774A', 'admin@qq.com', '系统管理-模块管理-获取所有父模块信息', '2020-01-21 11:19:20', '192.168.2.140');
INSERT INTO `on_log` VALUES ('A4B2FCC2D0C148BCBC08614E14407CBE', 'admin@qq.com', '根据角色ID获取左侧菜单栏', '2020-01-21 16:17:30', '192.168.2.140');
INSERT INTO `on_log` VALUES ('A4D549326E974A3CAE2334DC482482A6', 'admin@qq.com', '系统管理-角色管理-获取所有角色信息', '2019-11-23 22:06:18', '111.0.186.178');
INSERT INTO `on_log` VALUES ('A522FEE67FCD413AAEED48CEE857A39A', 'admin@qq.com', '查看订单', '2020-01-24 14:26:26', '192.168.2.140');
INSERT INTO `on_log` VALUES ('A5971513836742C88C9FEEC5F9263530', 'admin@qq.com', '查看订单', '2020-01-24 14:12:35', '192.168.2.140');
INSERT INTO `on_log` VALUES ('A5D43D5766C4418383344EE635BF6CB1', 'admin@qq.com', '查看订单', '2020-01-24 14:20:26', '192.168.2.140');
INSERT INTO `on_log` VALUES ('A603BD60339F4E56AB6FE6B6C0A302D9', 'admin@qq.com', '登录', '2020-02-07 15:47:33', '192.168.2.140');
INSERT INTO `on_log` VALUES ('A7648FD2C47F41B5B730AD178601FE9F', 'admin@qq.com', '查看订单', '2020-01-24 14:32:00', '192.168.2.140');
INSERT INTO `on_log` VALUES ('A7B2EA580E3945D0A410F0F15E9F1AF4', 'admin@qq.com', '系统管理-用户管理-获取所有用户基本信息', '2019-11-23 22:07:09', '111.0.186.178');
INSERT INTO `on_log` VALUES ('A7E7B477B83547AF9C8B82F5C3E2100C', 'admin@qq.com', '登录', '2020-01-29 11:09:23', '192.168.2.140');
INSERT INTO `on_log` VALUES ('A821A042C5204A489125D2B142A716F1', 'admin@qq.com', '查看订单', '2020-01-24 14:30:52', '192.168.2.140');
INSERT INTO `on_log` VALUES ('A9E26FABF006418B9D516EF5F2F45954', 'admin@qq.com', '更换头像', '2019-11-23 22:02:14', '111.0.186.178');
INSERT INTO `on_log` VALUES ('AAB3AD91B6D043BBB917C53467B5689C', 'admin@qq.com', '根据角色ID获取左侧菜单栏', '2020-01-24 13:57:47', '192.168.2.140');
INSERT INTO `on_log` VALUES ('AABAD799EEB14E60958444C10FC03FE7', 'admin@qq.com', '登录', '2020-01-04 14:50:17', '192.168.0.29');
INSERT INTO `on_log` VALUES ('AB0620A21AD44522B54660A5CDF1419D', 'admin@qq.com', '根据角色ID获取左侧菜单栏', '2020-01-05 11:21:30', '192.168.0.104');
INSERT INTO `on_log` VALUES ('AB2BBE652DB340928DC9C6D9BA28B98D', 'admin@qq.com', '登录', '2020-02-06 16:31:54', '192.168.2.140');
INSERT INTO `on_log` VALUES ('AB7010761A2148228C6A09B6D9157D59', 'admin@qq.com', '系统管理-模块管理-模块赋权给角色', '2020-01-21 11:20:51', '192.168.2.140');
INSERT INTO `on_log` VALUES ('ABC5D7E6F81C44D0A7C5DA584C785DB4', 'admin@qq.com', '系统管理-模块管理-获取所有父模块信息', '2019-11-23 22:06:10', '111.0.186.178');
INSERT INTO `on_log` VALUES ('ABE1E00328344E828C1472AEB7232BF7', 'admin@qq.com', '系统管理-角色管理-获取所有角色信息', '2020-02-06 16:33:05', '192.168.2.140');
INSERT INTO `on_log` VALUES ('AC542908078846AEB9C8B33D480480A0', 'admin@qq.com', '根据角色ID获取左侧菜单栏', '2020-01-29 11:09:23', '192.168.2.140');
INSERT INTO `on_log` VALUES ('AC66953A523340E3868C88C8EF308CC6', 'admin@qq.com', '查看订单', '2020-02-07 14:44:56', '192.168.2.140');
INSERT INTO `on_log` VALUES ('ACD241BCD59E414C9E43DCCEF15FA79F', 'admin@qq.com', '系统管理-模块管理-获取所有父模块信息', '2020-02-07 21:04:05', '192.168.2.140');
INSERT INTO `on_log` VALUES ('ACEFDC97914E4B03BB3E037C137935B4', 'admin@qq.com', '查看订单', '2020-02-06 21:55:37', '192.168.2.140');
INSERT INTO `on_log` VALUES ('ACF31EEC0C34408E87786B0389EB7211', 'admin@qq.com', '根据角色ID获取左侧菜单栏', '2019-12-17 19:32:59', '192.168.0.29');
INSERT INTO `on_log` VALUES ('AD60B4A519494C61807BD20A132A30E5', 'admin@qq.com', '登录', '2020-01-24 11:32:02', '192.168.2.140');
INSERT INTO `on_log` VALUES ('AD70581153FD4E22B6A291499F4B9987', 'admin@qq.com', '系统管理-模块管理-获取所有父模块信息', '2020-01-24 14:38:06', '192.168.2.140');
INSERT INTO `on_log` VALUES ('AF32539394B04E9E975FB0153F098673', 'admin@qq.com', '根据角色ID获取左侧菜单栏', '2020-01-15 19:18:09', '192.168.137.1');
INSERT INTO `on_log` VALUES ('AF5E846FF73648BF97844C636450B2C0', 'admin@qq.com', '系统管理-模块管理-获取所有未删除的子模块信息', '2020-01-05 11:49:09', '192.168.0.104');
INSERT INTO `on_log` VALUES ('AF8A0B9BE4C54F0ABDECF49E2A6364E2', 'admin@qq.com', '查看订单', '2020-02-06 16:31:58', '192.168.2.140');
INSERT INTO `on_log` VALUES ('AF8F698AD5F14D8F967F33C3B1A7ED58', 'admin@qq.com', '系统管理-模块管理-获取所有未删除的子模块信息', '2019-11-23 22:09:18', '111.0.186.178');
INSERT INTO `on_log` VALUES ('AFBBA0113CDE48FC963A403DB64D87D2', 'admin@qq.com', '系统管理-模块管理-获取所有父模块信息', '2020-01-21 16:28:39', '192.168.2.140');
INSERT INTO `on_log` VALUES ('AFC940D68F714D6DAE5A602A036D405F', 'admin@qq.com', '系统管理-模块管理-获取当前模块所赋权的角色名称', '2020-01-21 16:28:39', '192.168.2.140');
INSERT INTO `on_log` VALUES ('AFEC0C040B32449B987610B65774DF40', 'admin@qq.com', '系统管理-模块管理-获取所有未删除的子模块信息', '2020-01-21 16:48:07', '192.168.2.140');
INSERT INTO `on_log` VALUES ('B05A787BE5F04F1FBFAC0138C87F9D70', 'admin@qq.com', '根据角色ID获取左侧菜单栏', '2020-01-24 14:13:46', '192.168.2.140');
INSERT INTO `on_log` VALUES ('B0B0F3F094F445DB8665D1B980595A8D', 'admin@qq.com', '系统管理-模块管理-添加子模块', '2020-01-21 16:28:31', '192.168.2.140');
INSERT INTO `on_log` VALUES ('B108709296254BB1AEE9201B7304D165', 'admin@qq.com', '查看订单', '2020-02-07 20:41:13', '192.168.2.140');
INSERT INTO `on_log` VALUES ('B190E54C797542EABE322A5E2C8C7FF8', 'admin@qq.com', '系统管理-模块管理-获取所有未删除的子模块信息', '2019-12-01 10:50:06', '192.168.0.100');
INSERT INTO `on_log` VALUES ('B1BA7D9E55EA4A8A9A878AC458AAD2C7', 'admin@qq.com', '查看订单', '2020-02-08 16:13:57', '192.168.2.140');
INSERT INTO `on_log` VALUES ('B1DB73EDF5BC4206807CA77FCF0F7CF5', 'admin@qq.com', '根据角色ID获取左侧菜单栏', '2020-01-21 16:45:58', '192.168.2.140');
INSERT INTO `on_log` VALUES ('B1EAB09264F8474DB78940755E6DBCBF', 'admin@qq.com', '系统管理-模块管理-添加子模块', '2020-01-21 11:20:33', '192.168.2.140');
INSERT INTO `on_log` VALUES ('B2153E05E49B4530B674F17979C2666B', 'admin@qq.com', '查看订单', '2020-02-07 20:44:33', '192.168.2.140');
INSERT INTO `on_log` VALUES ('B350345CF3F9423ABA300B053119462A', 'admin@qq.com', '查看订单', '2020-01-24 11:17:26', '192.168.2.140');
INSERT INTO `on_log` VALUES ('B383F43F8BE14830839339148D20DEEA', 'admin@qq.com', '系统管理-模块管理-获取当前模块所赋权的角色名称', '2020-01-21 16:29:11', '192.168.2.140');
INSERT INTO `on_log` VALUES ('B3A775982ECC44CF955511ACA2130DDD', 'admin@qq.com', '系统管理-用户管理-获取所有用户基本信息', '2019-12-15 18:48:01', '192.168.0.104');
INSERT INTO `on_log` VALUES ('B3AE8C69CBD2454FA18F0ED13AAF93D0', 'admin@qq.com', '查看订单', '2020-02-07 14:45:47', '192.168.2.140');
INSERT INTO `on_log` VALUES ('B3CD8F7B3F0445BEBD25F73F341B6345', 'admin@qq.com', '根据角色ID获取左侧菜单栏', '2019-12-21 11:24:06', '192.168.0.29');
INSERT INTO `on_log` VALUES ('B4115AAAEC83434D83F410D03459CF4D', 'admin@qq.com', '查看订单', '2020-01-24 14:21:21', '192.168.2.140');
INSERT INTO `on_log` VALUES ('B41FB9E6AEFF4417BB2ABAD408914DAE', 'admin@qq.com', '系统管理-用户管理-获取所有用户基本信息', '2019-11-23 22:01:11', '111.0.186.178');
INSERT INTO `on_log` VALUES ('B47E905C0FBB4E1DB76B3A4A30F8C624', 'admin@qq.com', '查看订单', '2020-01-24 14:34:17', '192.168.2.140');
INSERT INTO `on_log` VALUES ('B4941B71DAD042BD85E99CBE2D5AF9F5', 'admin@qq.com', '查看订单', '2020-02-07 20:47:26', '192.168.2.140');
INSERT INTO `on_log` VALUES ('B4BDDACB964F48C19C950AFFD5242483', 'admin@qq.com', '系统管理-模块管理-获取所有未删除的子模块信息', '2020-01-24 14:38:00', '192.168.2.140');
INSERT INTO `on_log` VALUES ('B5A68998566A4A11965BF1BDE793C916', 'admin@qq.com', '系统管理-模块管理-模块赋权给角色', '2019-11-23 22:06:15', '111.0.186.178');
INSERT INTO `on_log` VALUES ('B605772A9D3945D194EF4158A64A2978', 'admin@qq.com', '查看订单', '2020-01-24 14:26:39', '192.168.2.140');
INSERT INTO `on_log` VALUES ('B651085E63834F5FB3A1E6EBFCC85BA9', 'admin@qq.com', '系统管理-模块管理-获取所有父模块信息', '2020-01-21 09:40:33', '192.168.2.140');
INSERT INTO `on_log` VALUES ('B68865DEC9CF40C582A6CC13A7700D47', 'admin@qq.com', '登录', '2020-01-22 17:10:39', '192.168.2.140');
INSERT INTO `on_log` VALUES ('B6CA3ED900644469B4C5DFBF85B2CC97', 'admin@qq.com', '根据角色ID获取左侧菜单栏', '2020-01-06 19:41:04', '192.168.0.29');
INSERT INTO `on_log` VALUES ('B7F2ED8F26894B348C51D23F34B6C860', 'admin@qq.com', '系统管理-模块管理-添加子模块', '2020-01-21 09:40:16', '192.168.2.140');
INSERT INTO `on_log` VALUES ('B805DE63F6EA495D9A9AC6F1C024D2D0', 'admin@qq.com', '系统管理-模块管理-获取当前模块所赋权的角色名称', '2020-01-21 09:40:33', '192.168.2.140');
INSERT INTO `on_log` VALUES ('B8CB60C7FC0D42238FEF8F75119F4B7E', 'admin@qq.com', '系统管理-角色管理-获取所有角色信息', '2019-12-01 10:50:05', '192.168.0.100');
INSERT INTO `on_log` VALUES ('B912EFB9BDB14F5D85894430FD7D33BB', 'admin@qq.com', '登录', '2020-01-04 16:21:50', '192.168.0.29');
INSERT INTO `on_log` VALUES ('B9D7BF8A8E1F4CD494A5FFA8B44C2F79', 'admin@qq.com', '系统管理-用户管理-获取所有用户基本信息', '2020-01-23 15:58:26', '127.0.0.1');
INSERT INTO `on_log` VALUES ('BB0CF505ED044B72898E784368A51EC6', 'admin@qq.com', '登录', '2020-01-24 14:20:24', '192.168.2.140');
INSERT INTO `on_log` VALUES ('BB3F0A67B6234EE1A9074AC7BF1961C2', 'admin@qq.com', '根据角色ID获取左侧菜单栏', '2019-11-23 14:33:10', '169.254.66.56');
INSERT INTO `on_log` VALUES ('BB45D0A7C0F84362A0D35C7F5A74BF48', 'admin@qq.com', '查看订单', '2020-01-24 16:41:01', '192.168.2.140');
INSERT INTO `on_log` VALUES ('BB5CBCEF52A141BAB195BD439FF7E864', 'admin@qq.com', '查看订单', '2020-01-24 14:13:56', '192.168.2.140');
INSERT INTO `on_log` VALUES ('BB63189ED2274A7182123EE39294195C', 'admin@qq.com', '系统管理-模块管理-获取所有父模块信息', '2020-01-21 16:29:09', '192.168.2.140');
INSERT INTO `on_log` VALUES ('BBB3A7D3B9814B87803BEF8A4D8B4FF6', 'admin@qq.com', '系统管理-用户管理-获取所有用户基本信息', '2020-01-23 15:58:01', '127.0.0.1');
INSERT INTO `on_log` VALUES ('BC294830FFEC494986AECAD2FFA3335C', 'admin@qq.com', '系统管理-模块管理-获取所有未删除的子模块信息', '2019-11-23 22:08:57', '111.0.186.178');
INSERT INTO `on_log` VALUES ('BC56B6306D8A4D24834F526835EA96A1', 'admin@qq.com', '查看订单', '2020-01-24 11:40:54', '192.168.2.140');
INSERT INTO `on_log` VALUES ('BC864C3F0D244101B2A99B1A1CFB1691', 'admin@qq.com', '系统管理-模块管理-获取所有父模块信息', '2019-11-23 22:09:05', '111.0.186.178');
INSERT INTO `on_log` VALUES ('BD82B9DA084940A0806529D1FA7B9F1F', 'admin@qq.com', '系统管理-模块管理-模块赋权给角色', '2020-01-04 14:55:24', '192.168.0.29');
INSERT INTO `on_log` VALUES ('BDB295739C2345F4B57AD416F076EDF6', 'admin@qq.com', '系统管理-用户管理-获取所有用户基本信息', '2020-01-15 17:27:56', '192.168.137.1');
INSERT INTO `on_log` VALUES ('BDE00BDE23E943F4BFE060F51467A913', 'admin@qq.com', '查看订单', '2020-01-30 12:03:51', '192.168.2.140');
INSERT INTO `on_log` VALUES ('BE0111342BB744909AE8198AA096021C', 'admin@qq.com', '系统管理-角色管理-获取所有角色信息', '2019-11-23 22:03:52', '111.0.186.178');
INSERT INTO `on_log` VALUES ('BE0986402C5F451EA4D017D6BF600C20', 'admin@qq.com', '查看订单', '2020-02-07 14:45:47', '192.168.2.140');
INSERT INTO `on_log` VALUES ('BE217D69E26E43D1B2CF3D35B4D8BFFA', 'admin@qq.com', '系统管理-用户管理-获取所有用户基本信息', '2019-11-23 22:03:27', '111.0.186.178');
INSERT INTO `on_log` VALUES ('BE7489A1564148ABBC56FD242E1709A0', 'admin@qq.com', '根据角色ID获取左侧菜单栏', '2019-12-15 18:53:38', '192.168.0.104');
INSERT INTO `on_log` VALUES ('BE7A6C66377745D0AC62781C4EDB681C', 'admin@qq.com', '系统管理-角色管理-获取所有角色信息', '2019-11-23 22:01:08', '111.0.186.178');
INSERT INTO `on_log` VALUES ('BE9E4AFC625A487F8F687E2460B15075', 'admin@qq.com', '根据角色ID获取左侧菜单栏', '2020-01-15 17:47:08', '192.168.137.1');
INSERT INTO `on_log` VALUES ('BEA53FAC24AD44A5A6B717103F5B9608', 'admin@qq.com', '登录', '2020-01-05 11:41:14', '192.168.0.104');
INSERT INTO `on_log` VALUES ('BECEB8CAE5764C3C95A26EA6FDC51EA6', 'admin@qq.com', '查看订单', '2020-01-24 16:38:35', '192.168.2.140');
INSERT INTO `on_log` VALUES ('BEE6D9D8CAB54589B9438E0EA2659DCA', 'admin@qq.com', '查看订单', '2020-01-24 14:58:35', '192.168.2.140');
INSERT INTO `on_log` VALUES ('BF86865BAE694E0988326D0F5ACE98C7', 'admin@qq.com', '根据角色ID获取左侧菜单栏', '2020-01-15 19:48:13', '192.168.137.1');
INSERT INTO `on_log` VALUES ('C0174877AEF04803A530E8D35919CD78', 'admin@qq.com', '登录', '2019-12-21 18:31:17', '192.168.137.1');
INSERT INTO `on_log` VALUES ('C0F9B4CA4B46496DA87D769391518919', 'admin@qq.com', '登录', '2020-01-22 20:01:20', '192.168.2.140');
INSERT INTO `on_log` VALUES ('C188119A7D2E4D5098F0F3B74C47439D', 'admin@qq.com', '登录', '2020-01-22 19:27:09', '192.168.2.140');
INSERT INTO `on_log` VALUES ('C1A2F69D40504D40B4B629944E770CFE', 'admin@qq.com', '登录', '2020-01-24 14:29:04', '192.168.2.140');
INSERT INTO `on_log` VALUES ('C1E370460EB64BDAAE7A687B6D051461', 'admin@qq.com', '查看订单', '2020-02-07 14:42:55', '192.168.2.140');
INSERT INTO `on_log` VALUES ('C282DF513AE34C08A721BAC76487A2A1', 'admin@qq.com', '系统管理-模块管理-添加子模块', '2020-01-04 14:55:13', '192.168.0.29');
INSERT INTO `on_log` VALUES ('C2869213F4984FB8A414F51C2E41297E', 'admin@qq.com', '系统管理-角色管理-获取所有角色信息', '2019-11-23 22:03:02', '111.0.186.178');
INSERT INTO `on_log` VALUES ('C2988F230E794BA99862625C53B62E04', 'admin@qq.com', '根据角色ID获取左侧菜单栏', '2020-01-12 11:44:53', '192.168.0.104');
INSERT INTO `on_log` VALUES ('C2A14A0DC2A84E1BAD0A5B81BF216E51', 'admin@qq.com', '登录', '2020-01-24 15:54:46', '192.168.2.140');
INSERT INTO `on_log` VALUES ('C2ACC95B409841A3B8B0443A460EA69C', 'admin@qq.com', '系统管理-角色管理-获取所有角色信息', '2019-11-23 22:04:45', '111.0.186.178');
INSERT INTO `on_log` VALUES ('C2BFFE47F6DF4D1EAED1C01335AE171C', 'admin@qq.com', '查看订单', '2020-02-06 16:32:51', '192.168.2.140');
INSERT INTO `on_log` VALUES ('C30A600223894A169EAEFD45057AC7C3', 'admin@qq.com', '登录', '2020-02-08 15:44:24', '192.168.2.140');
INSERT INTO `on_log` VALUES ('C3356F2F2BC846D4A6A6C0D9FC52B8E9', 'admin@qq.com', '根据角色ID获取左侧菜单栏', '2020-01-24 14:30:51', '192.168.2.140');
INSERT INTO `on_log` VALUES ('C3868D107A604495A2321E2F93A2B014', 'admin@qq.com', '根据角色ID获取左侧菜单栏', '2020-01-04 16:33:12', '192.168.0.29');
INSERT INTO `on_log` VALUES ('C3DACE536569459A80F6B1041A370FCE', 'admin@qq.com', '系统管理-模块管理-获取当前模块所赋权的角色名称', '2019-11-23 22:09:02', '111.0.186.178');
INSERT INTO `on_log` VALUES ('C3EE36BC44CE4D00B1CE89C2D7AA1E17', 'admin@qq.com', '系统管理-用户管理-获取所有用户基本信息', '2019-11-23 22:09:34', '111.0.186.178');
INSERT INTO `on_log` VALUES ('C4003A17E4914E9CA776CB98AC1919A0', 'admin@qq.com', '系统管理-角色管理-获取所有角色信息', '2019-12-21 19:17:14', '192.168.137.1');
INSERT INTO `on_log` VALUES ('C426B99D452B4620AED1D631D4EEBD86', 'admin@qq.com', '登录', '2020-01-23 15:59:15', '127.0.0.1');
INSERT INTO `on_log` VALUES ('C450786CF2794A1A9E8DA194836E980F', 'admin@qq.com', '查看订单', '2020-01-24 14:34:41', '192.168.2.140');
INSERT INTO `on_log` VALUES ('C4595DA5A28B48688EBA7BA8D42745BE', 'admin@qq.com', '根据角色ID获取左侧菜单栏', '2019-12-21 16:42:11', '192.168.137.1');
INSERT INTO `on_log` VALUES ('C45DF2C90E5A48D8A67F2A77FF9501AE', 'admin@qq.com', '查看订单', '2020-01-30 12:03:51', '192.168.2.140');
INSERT INTO `on_log` VALUES ('C4E25EEE9B4F450E8A0D29C0C1878574', 'admin@qq.com', '根据角色ID获取左侧菜单栏', '2020-01-21 16:28:51', '192.168.2.140');
INSERT INTO `on_log` VALUES ('C5706CA37B3F45FEB8DEC3D8F3FB8A12', 'admin@qq.com', '系统管理-用户管理-获取所有用户基本信息', '2019-11-23 22:07:23', '111.0.186.178');
INSERT INTO `on_log` VALUES ('C596F312FE0A436F893BE0EBBDE8352B', 'admin@qq.com', '查看订单', '2020-02-08 16:22:18', '192.168.2.140');
INSERT INTO `on_log` VALUES ('C5DE541DDFAB4A06A2F5AA4A625530D0', 'admin@qq.com', '系统管理-模块管理-获取当前模块所赋权的角色名称', '2020-01-21 09:40:25', '192.168.2.140');
INSERT INTO `on_log` VALUES ('C5F35AC823D74F59B562079AFB252FC1', 'admin@qq.com', '登录', '2019-12-21 18:43:17', '192.168.137.1');
INSERT INTO `on_log` VALUES ('C626EDF0E42D41CB82B847FFDA9B0F8F', 'admin@qq.com', '根据角色ID获取左侧菜单栏', '2020-02-07 15:18:09', '192.168.2.140');
INSERT INTO `on_log` VALUES ('C6A63E002BC348A1B4A005705DE908C7', 'admin@qq.com', '登录', '2020-01-22 20:22:37', '192.168.2.140');
INSERT INTO `on_log` VALUES ('C6BE34043E354A2EAEA0D23DDD468838', 'admin@qq.com', '系统管理-模块管理-获取所有未删除的子模块信息', '2019-12-05 11:31:42', '192.168.0.28');
INSERT INTO `on_log` VALUES ('C73C12A8276A4EECA20D1F7870D88E32', '', '登录', '2020-01-22 16:51:58', '192.168.2.140');
INSERT INTO `on_log` VALUES ('C7BC8AE3C986449C85D4F99591383314', 'admin@qq.com', '查看订单', '2020-01-24 11:31:12', '192.168.2.140');
INSERT INTO `on_log` VALUES ('C8120FFA6D4648D08D0A39C3CA477500', 'admin@qq.com', '登录', '2020-01-21 16:05:56', '192.168.2.140');
INSERT INTO `on_log` VALUES ('C82CD38E1866418FA3F296204E108C05', 'admin@qq.com', '系统管理-模块管理-获取所有未删除的子模块信息', '2020-01-04 14:54:31', '192.168.0.29');
INSERT INTO `on_log` VALUES ('C86C70F4A04B4F57ABA362B985792654', 'admin@qq.com', '系统管理-模块管理-获取所有未删除的子模块信息', '2019-11-23 22:09:14', '111.0.186.178');
INSERT INTO `on_log` VALUES ('C88DEF39B8214752A621580610EE6B02', 'admin@qq.com', '系统管理-用户管理-获取所有用户基本信息', '2019-11-23 15:26:48', '169.254.66.56');
INSERT INTO `on_log` VALUES ('C8F99244364042A9BEF4D11BB642EEEC', 'admin@qq.com', '根据角色ID获取左侧菜单栏', '2020-01-23 16:49:11', '192.168.2.140');
INSERT INTO `on_log` VALUES ('C9B1374FFABC445F9B029F694E87C178', 'admin@qq.com', '查看订单', '2020-01-24 14:21:21', '192.168.2.140');
INSERT INTO `on_log` VALUES ('C9DD26FBCC794BAF8BE3BF9F9D686733', 'admin@qq.com', '系统管理-模块管理-获取所有父模块信息', '2019-11-23 22:09:19', '111.0.186.178');
INSERT INTO `on_log` VALUES ('CA335FFA345C4C74AE900E3B1A7225EC', 'admin@qq.com', '查看订单', '2020-01-24 13:57:49', '192.168.2.140');
INSERT INTO `on_log` VALUES ('CA5DD48A640B4940850E48A60BB4A57C', 'admin@qq.com', '登录', '2020-01-05 11:48:26', '192.168.0.104');
INSERT INTO `on_log` VALUES ('CAA9E6E4088343D4850BA99ED79AAB97', 'admin@qq.com', '根据角色ID获取左侧菜单栏', '2020-01-24 16:14:11', '192.168.2.140');
INSERT INTO `on_log` VALUES ('CABC4EA8B3A74D8AA500AB6E1A73DB29', 'admin@qq.com', '根据角色ID获取左侧菜单栏', '2020-01-12 11:46:03', '192.168.0.104');
INSERT INTO `on_log` VALUES ('CAD1C63BBCCC45129DCF6C907E43820C', 'admin@qq.com', '根据角色ID获取左侧菜单栏', '2020-01-22 19:27:09', '192.168.2.140');
INSERT INTO `on_log` VALUES ('CB2EBA802CE946C1B7734951412139A7', 'admin@qq.com', '查看订单', '2020-02-06 20:02:33', '192.168.2.140');
INSERT INTO `on_log` VALUES ('CB728153A8FA432782C21260BA40D049', 'admin@qq.com', '查看订单', '2020-02-07 20:40:32', '192.168.2.140');
INSERT INTO `on_log` VALUES ('CBB50B03BC104688AA9FE16C9C1167AB', 'admin@qq.com', '系统管理-用户管理-获取所有用户基本信息', '2019-12-15 18:48:18', '192.168.0.104');
INSERT INTO `on_log` VALUES ('CBC106DA06134241A379E947573EA6A0', 'admin@qq.com', '根据角色ID获取左侧菜单栏', '2020-01-21 10:09:46', '192.168.2.140');
INSERT INTO `on_log` VALUES ('CBD00C4238ED4F528734889E402827FB', 'admin@qq.com', '查看订单', '2020-01-24 14:38:14', '192.168.2.140');
INSERT INTO `on_log` VALUES ('CC9136EBBCF54464A6883AD440DEC907', 'admin@qq.com', '系统管理-模块管理-获取当前模块所赋权的角色名称', '2020-01-24 14:38:06', '192.168.2.140');
INSERT INTO `on_log` VALUES ('CCA1DE9BFBAF464DBD8E6982B10B1606', 'admin@qq.com', '系统管理-模块管理-获取所有父模块信息', '2020-01-15 17:46:22', '192.168.137.1');
INSERT INTO `on_log` VALUES ('CD372E8C768141969AC7F660A10ED25E', 'admin@qq.com', '系统管理-角色管理-获取所有角色信息', '2019-12-06 09:17:56', '192.168.0.28');
INSERT INTO `on_log` VALUES ('CD641EDEA63C4625811D730A9C2C9F78', 'admin@qq.com', '登录', '2020-02-08 15:09:35', '192.168.2.140');
INSERT INTO `on_log` VALUES ('CD98D7D80E144A3C9C58ACA1748DD800', 'admin@qq.com', '根据角色ID获取左侧菜单栏', '2020-01-22 19:35:32', '192.168.2.140');
INSERT INTO `on_log` VALUES ('CEAADDBF4259433D99C9624FD24CEA3E', 'admin@qq.com', '登录', '2020-01-22 19:18:39', '192.168.2.140');
INSERT INTO `on_log` VALUES ('CEC7FD4D04384C2691D210968F2233E5', 'admin@qq.com', '查看订单', '2020-01-24 14:21:46', '192.168.2.140');
INSERT INTO `on_log` VALUES ('CED32BA0E4454CC18AADD86ED6A62247', 'admin@qq.com', '系统管理-模块管理-获取所有父模块信息', '2019-11-23 22:06:07', '111.0.186.178');
INSERT INTO `on_log` VALUES ('CEEF6B81CE4C44589E116ECC32CB85CB', 'admin@qq.com', '系统管理-模块管理-获取所有未删除的子模块信息', '2019-11-23 22:07:27', '111.0.186.178');
INSERT INTO `on_log` VALUES ('CEF52A6DDDDE406DAE08072A8E5BCF7D', 'admin@qq.com', '查看订单', '2020-02-08 16:26:40', '192.168.2.140');
INSERT INTO `on_log` VALUES ('CEFFE59E516A4A17968EF88151B6C9AD', 'admin@qq.com', '登录', '2020-01-21 11:19:14', '192.168.2.140');
INSERT INTO `on_log` VALUES ('CF060454DE9E4C8E8B4D7D9360242B77', 'admin@qq.com', '查看订单', '2020-01-24 14:37:04', '192.168.2.140');
INSERT INTO `on_log` VALUES ('CF2828FC6CB24443AA0D2AFF8AE611AE', 'admin@qq.com', '根据角色ID获取左侧菜单栏', '2020-01-05 11:22:05', '192.168.0.104');
INSERT INTO `on_log` VALUES ('CF97F4AF33FB42D29C5BB4067BD8B4B5', 'admin@qq.com', '查看订单', '2020-01-24 14:38:14', '192.168.2.140');
INSERT INTO `on_log` VALUES ('CFCC611173E84AEF8F8AE4E89FDD1922', 'admin@qq.com', '系统管理-模块管理-获取所有未删除的子模块信息', '2019-11-23 22:06:03', '111.0.186.178');
INSERT INTO `on_log` VALUES ('D0EA804FFE27450E9B8A7EDBBF7508C6', 'admin@qq.com', '根据角色ID获取左侧菜单栏', '2020-01-15 17:27:14', '192.168.137.1');
INSERT INTO `on_log` VALUES ('D20F93735C244CD4973F785044CD18A5', 'admin@qq.com', '查看订单', '2020-01-24 11:11:44', '192.168.2.140');
INSERT INTO `on_log` VALUES ('D2167D4B05F645CD8B7DAFD9C30D3AEF', 'admin@qq.com', '根据角色ID获取左侧菜单栏', '2020-02-08 16:20:39', '192.168.2.140');
INSERT INTO `on_log` VALUES ('D219F735161540928AEE91F577E79801', 'admin@qq.com', '系统管理-模块管理-添加子模块', '2020-01-15 17:46:39', '192.168.137.1');
INSERT INTO `on_log` VALUES ('D27096EFE4C8481CB5E356E14833DA35', '369@qq.com', '根据角色ID获取左侧菜单栏', '2019-11-23 22:32:41', '221.223.144.180');
INSERT INTO `on_log` VALUES ('D2B3EC3C0AAE4176A9C93593E5A333C6', 'admin@qq.com', '登录', '2020-01-22 20:28:00', '192.168.2.140');
INSERT INTO `on_log` VALUES ('D2BF90453DB84582A10AE2D1919AC8E1', 'admin@qq.com', '根据角色ID获取左侧菜单栏', '2020-02-07 20:39:33', '192.168.2.140');
INSERT INTO `on_log` VALUES ('D2EA234075884C888C1F81CC1679B291', 'admin@qq.com', '系统管理-模块管理-获取所有父模块信息', '2020-01-21 16:29:13', '192.168.2.140');
INSERT INTO `on_log` VALUES ('D2FBEEE392374C9BAD93CAA3D62ED0EE', 'admin@qq.com', '查看订单', '2020-01-24 15:48:00', '192.168.2.140');
INSERT INTO `on_log` VALUES ('D33A7772A0734F8C9CE0D140E85E2C0F', 'admin@qq.com', '根据角色ID获取左侧菜单栏', '2020-02-08 13:39:04', '192.168.2.140');
INSERT INTO `on_log` VALUES ('D37DBD8A2CE541358DDD22DAC378C2D4', 'admin@qq.com', '根据角色ID获取左侧菜单栏', '2020-01-12 11:23:56', '192.168.0.104');
INSERT INTO `on_log` VALUES ('D3B31245EF47482F8BE768671F66F64F', 'admin@qq.com', '查看订单', '2020-01-24 14:34:17', '192.168.2.140');
INSERT INTO `on_log` VALUES ('D3C9E8CE32394F02AB1E36FCC48F6108', 'admin@qq.com', '登录', '2020-01-22 16:52:04', '192.168.2.140');
INSERT INTO `on_log` VALUES ('D3F0F935557C494B834AC183B61993FB', 'admin@qq.com', '系统管理-模块管理-获取所有父模块信息', '2020-01-21 16:29:11', '192.168.2.140');
INSERT INTO `on_log` VALUES ('D3FCA0BC537445CBA028EBFE156082A6', 'admin@qq.com', '根据角色ID获取左侧菜单栏', '2019-12-06 10:47:35', '192.168.0.28');
INSERT INTO `on_log` VALUES ('D485710B17CE4C23A886E6CF21237930', 'admin@qq.com', '查看订单', '2020-01-24 14:34:13', '192.168.2.140');
INSERT INTO `on_log` VALUES ('D4913A3E9C48475A9CE5AA8B3CE2123B', 'admin@qq.com', '更换头像', '2019-11-23 22:01:40', '111.0.186.178');
INSERT INTO `on_log` VALUES ('D4CD4106211F4E52A15D0C38245F2EB3', 'admin@qq.com', '根据角色ID获取左侧菜单栏', '2019-12-21 19:14:44', '192.168.137.1');
INSERT INTO `on_log` VALUES ('D56A6A7B7B0F4F8483EB818629A86DA8', 'admin@qq.com', '查看订单', '2020-01-24 14:26:35', '192.168.2.140');
INSERT INTO `on_log` VALUES ('D5A419AC91C04E1186EBAE3FF386A1CF', 'admin@qq.com', '根据角色ID获取左侧菜单栏', '2019-12-21 17:22:06', '192.168.137.1');
INSERT INTO `on_log` VALUES ('D5D75AAEB24443C3ABB188E9843D10B0', 'admin@qq.com', '根据角色ID获取左侧菜单栏', '2019-12-15 18:54:27', '192.168.0.104');
INSERT INTO `on_log` VALUES ('D641215897D04BC5B0BD3E99B26A2147', 'admin@qq.com', '系统管理-用户管理-获取所有用户基本信息', '2020-01-04 14:50:56', '192.168.0.29');
INSERT INTO `on_log` VALUES ('D69F6FFFB4E34922B3A86755ED78C870', 'admin@qq.com', '根据角色ID获取左侧菜单栏', '2019-12-01 10:46:13', '192.168.0.100');
INSERT INTO `on_log` VALUES ('D70B53F8F27344F185C8302E0FA90992', 'admin@qq.com', '登录', '2020-01-12 10:58:17', '192.168.0.104');
INSERT INTO `on_log` VALUES ('D713E36EE1DB4BDB8215AA933038B145', 'admin@qq.com', '登录', '2019-12-21 11:24:06', '192.168.0.29');
INSERT INTO `on_log` VALUES ('D783D72B5E234ADD9F6C73661A0A5C81', '369@qq.com', '根据角色ID获取左侧菜单栏', '2019-11-23 22:30:38', '221.223.144.180');
INSERT INTO `on_log` VALUES ('D7A21B27CA1A4E73B931972F9C15FDE5', 'admin@qq.com', '登录', '2020-01-21 11:23:05', '192.168.2.140');
INSERT INTO `on_log` VALUES ('D7FE2671644341C48706D8DBA70CA948', 'admin@qq.com', '登录', '2020-01-22 19:35:32', '192.168.2.140');
INSERT INTO `on_log` VALUES ('D82992122DBD45A79DBC6AE3F6DB781F', 'admin@qq.com', '登录', '2019-12-21 16:10:59', '192.168.137.1');
INSERT INTO `on_log` VALUES ('D8A3FE3CCA924706B976CFEE4F4C49C9', 'admin@qq.com', '系统管理-模块管理-获取所有父模块信息', '2020-01-21 16:28:41', '192.168.2.140');
INSERT INTO `on_log` VALUES ('D9A8134935154D4BB338421C1E27F3C4', 'admin@qq.com', '查看订单', '2020-01-24 11:34:37', '192.168.2.140');
INSERT INTO `on_log` VALUES ('DA0A1D7D3BEA485D90533DDD1F62B8CA', 'admin@qq.com', '系统管理-模块管理-获取所有未删除的子模块信息', '2020-01-04 14:54:08', '192.168.0.29');
INSERT INTO `on_log` VALUES ('DA313D7F4B7041C59C7CA414CC9D474D', 'admin@qq.com', '查看订单', '2020-01-24 15:47:59', '192.168.2.140');
INSERT INTO `on_log` VALUES ('DA4609373C5E4A0B944AF5CD73F0D465', 'admin@qq.com', '系统管理-模块管理-获取所有未删除的子模块信息', '2020-01-04 14:50:56', '192.168.0.29');
INSERT INTO `on_log` VALUES ('DA4DEFDBB5C14EBCA2B41619ABA0DC7B', 'admin@qq.com', '根据角色ID获取左侧菜单栏', '2020-02-08 15:44:24', '192.168.2.140');
INSERT INTO `on_log` VALUES ('DAA9F208882248E0B3DD8DE499A9FEFA', 'admin@qq.com', '系统管理-模块管理-获取所有未删除的子模块信息', '2020-01-15 17:46:53', '192.168.137.1');
INSERT INTO `on_log` VALUES ('DAAD9266BBED48AB96C1F6609CFEAE3A', 'admin@qq.com', '根据角色ID获取左侧菜单栏', '2020-01-22 17:04:55', '192.168.2.140');
INSERT INTO `on_log` VALUES ('DAAF5528DF9E44159281434B0F76CD2F', 'admin@qq.com', '查看订单', '2020-01-24 14:39:21', '192.168.2.140');
INSERT INTO `on_log` VALUES ('DB0BBCD6FE9140E58469D0303429D910', 'admin@qq.com', '系统管理-模块管理-获取所有未删除的子模块信息', '2020-01-24 14:37:08', '192.168.2.140');
INSERT INTO `on_log` VALUES ('DB4DCF197FEF4FDFB6D3A36186C477FB', 'admin@qq.com', '根据角色ID获取左侧菜单栏', '2020-01-04 16:49:00', '192.168.0.29');
INSERT INTO `on_log` VALUES ('DB5E3DF032884FC48791F60895FCCB57', 'admin@qq.com', '系统管理-模块管理-获取所有父模块信息', '2020-01-24 14:45:40', '192.168.2.140');
INSERT INTO `on_log` VALUES ('DBB33A456E1140B6B93BFEADE1AE1648', 'admin@qq.com', '根据角色ID获取左侧菜单栏', '2020-01-24 11:28:43', '192.168.2.140');
INSERT INTO `on_log` VALUES ('DBF1836B75594B83B04E4F9AF68EE27D', 'admin@qq.com', '查看订单', '2020-01-24 15:47:59', '192.168.2.140');
INSERT INTO `on_log` VALUES ('DBF2B9D3DC9344469979EEB0A4A00E4A', 'admin@qq.com', '查看订单', '2020-01-24 16:41:01', '192.168.2.140');
INSERT INTO `on_log` VALUES ('DBF8BD43A1024B8E99420A64D3FCFEF4', 'admin@qq.com', '根据角色ID获取左侧菜单栏', '2019-12-15 18:54:15', '192.168.0.104');
INSERT INTO `on_log` VALUES ('DC633FEFFF3A414CBB65C715457EDDB4', 'admin@qq.com', '系统管理-模块管理-获取当前模块所赋权的角色名称', '2020-01-21 16:29:08', '192.168.2.140');
INSERT INTO `on_log` VALUES ('DD08BAC023C244D5AD8B567B99A8756C', 'admin@qq.com', '系统管理-模块管理-模块赋权给角色', '2019-11-23 22:09:13', '111.0.186.178');
INSERT INTO `on_log` VALUES ('DD2974259CF143FEBCD809AED0D90C29', 'admin@qq.com', '查看订单', '2020-02-08 16:13:57', '192.168.2.140');
INSERT INTO `on_log` VALUES ('DD3AF1555FE24117B0059774F3DFF4E9', 'admin@qq.com', '登录', '2020-01-24 16:14:11', '192.168.2.140');
INSERT INTO `on_log` VALUES ('DD735BEA4D3B48FFA7181C45DD288A05', 'admin@qq.com', '根据角色ID获取左侧菜单栏', '2020-01-21 11:23:05', '192.168.2.140');
INSERT INTO `on_log` VALUES ('DD8A73C0B3FE4CF18BB87CD343568581', 'admin@qq.com', '登录', '2020-01-15 18:41:24', '192.168.137.1');
INSERT INTO `on_log` VALUES ('DE42B748A35F4F9480BCD3E367334941', 'admin@qq.com', '根据角色ID获取左侧菜单栏', '2020-01-21 16:45:13', '192.168.2.140');
INSERT INTO `on_log` VALUES ('DF6A98EED70C496BAAF72D42ABEB5045', 'admin@qq.com', '登录', '2019-12-06 10:47:35', '192.168.0.28');
INSERT INTO `on_log` VALUES ('DF7323D5F8044ADF9F0F1AE65CB89A6F', 'admin@qq.com', '系统管理-角色管理-获取所有角色信息', '2020-01-05 11:49:12', '192.168.0.104');
INSERT INTO `on_log` VALUES ('DF7CA6683EE644E4A800032A411ED502', 'admin@qq.com', '查看订单', '2020-01-24 14:34:58', '192.168.2.140');
INSERT INTO `on_log` VALUES ('DF923D07AB8E47D8BBFED7058DB3AAA6', 'admin@qq.com', '登录', '2020-01-24 14:13:46', '192.168.2.140');
INSERT INTO `on_log` VALUES ('DF9D3438C83B4EADB092C43096290B39', 'admin@qq.com', '根据角色ID获取左侧菜单栏', '2020-01-24 14:34:10', '192.168.2.140');
INSERT INTO `on_log` VALUES ('DFA065F2F18A47D89914835A23D426C4', 'admin@qq.com', '系统管理-模块管理-获取当前模块所赋权的角色名称', '2019-11-23 22:09:19', '111.0.186.178');
INSERT INTO `on_log` VALUES ('E021D39D18884DF7A54D6134809DE6FC', 'admin@qq.com', '查看订单', '2020-01-30 12:03:51', '192.168.2.140');
INSERT INTO `on_log` VALUES ('E06AFEFBFEA349638CB1E22BDA49B1EA', 'admin@qq.com', '系统管理-角色管理-获取所有角色信息', '2019-12-15 18:47:59', '192.168.0.104');
INSERT INTO `on_log` VALUES ('E06B53E8BDC4470AB3F5E5CF674743F5', 'admin@qq.com', '查看订单', '2020-02-08 16:22:51', '192.168.2.140');
INSERT INTO `on_log` VALUES ('E1142C1A7AD8433A9AE4AEB60D4DE21E', 'admin@qq.com', '登录', '2019-12-21 19:05:09', '192.168.137.1');
INSERT INTO `on_log` VALUES ('E19222A58C1942EBA6CABDEE440217CA', 'admin@qq.com', '根据角色ID获取左侧菜单栏', '2020-01-05 11:54:34', '192.168.0.104');
INSERT INTO `on_log` VALUES ('E1D6BCCB5ECF4339A4D068F3542C4CBA', 'admin@qq.com', '系统管理-角色管理-获取所有角色信息', '2019-12-21 17:08:30', '192.168.137.1');
INSERT INTO `on_log` VALUES ('E1DC992FCB1B42D4829FC69DCCEB1E58', 'admin@qq.com', '根据角色ID获取左侧菜单栏', '2019-12-17 20:09:35', '192.168.0.29');
INSERT INTO `on_log` VALUES ('E236995FC8394080A3E7EEB9B97D9BB8', 'admin@qq.com', '系统管理-角色管理-获取所有角色信息', '2019-11-23 22:07:10', '111.0.186.178');
INSERT INTO `on_log` VALUES ('E2BF4E2457994DEEABA3DC6ABCC3E6C1', 'admin@qq.com', '系统管理-模块管理-获取当前模块所赋权的角色名称', '2020-01-21 16:29:13', '192.168.2.140');
INSERT INTO `on_log` VALUES ('E2CACFADE156489880A7085ED968DF1F', 'admin@qq.com', '系统管理-角色管理-获取所有角色信息', '2020-01-21 11:20:46', '192.168.2.140');
INSERT INTO `on_log` VALUES ('E2CBF70F009546458161226382909D92', 'caozuo@qq.com', '根据角色ID获取左侧菜单栏', '2019-11-23 15:48:19', '169.254.66.56');
INSERT INTO `on_log` VALUES ('E340F3A023C34E01A69E1B4EBF9DA917', 'admin@qq.com', '查看订单', '2020-02-07 14:45:13', '192.168.2.140');
INSERT INTO `on_log` VALUES ('E3BE5CB3CB974E248CB5E78E6EBEE568', 'admin@qq.com', '根据角色ID获取左侧菜单栏', '2020-01-23 17:28:07', '192.168.2.140');
INSERT INTO `on_log` VALUES ('E3D5641BA06C4BDD95F188FD1368F067', 'admin@qq.com', '查看订单', '2020-02-07 20:41:18', '192.168.2.140');
INSERT INTO `on_log` VALUES ('E40232697BAC482C88D8352C0E945A90', 'admin@qq.com', '登录', '2020-01-04 16:33:12', '192.168.0.29');
INSERT INTO `on_log` VALUES ('E406A7FD0B444212BDAC7E369C1A9C3A', 'admin@qq.com', '登录', '2020-01-23 15:53:17', '127.0.0.1');
INSERT INTO `on_log` VALUES ('E4243C17D9B14850B30DE709A748BFA9', 'admin@qq.com', '根据角色ID获取左侧菜单栏', '2020-02-06 16:33:00', '192.168.2.140');
INSERT INTO `on_log` VALUES ('E46C9BAB633A482D959F132FC5B7A6AF', 'admin@qq.com', '登录', '2020-01-24 15:41:20', '192.168.2.140');
INSERT INTO `on_log` VALUES ('E4F4786D0F4D489C80EDE178C03BA928', 'admin@qq.com', '系统管理-模块管理-获取所有父模块信息', '2020-01-21 09:40:25', '192.168.2.140');
INSERT INTO `on_log` VALUES ('E644F9FF87C643269006C84495AC8997', 'admin@qq.com', '系统管理-用户管理-获取所有用户基本信息', '2019-12-15 19:00:52', '192.168.0.104');
INSERT INTO `on_log` VALUES ('E6977B7DAF50426AB2F12D79E5E025F3', 'admin@qq.com', '登录', '2020-01-24 11:26:07', '192.168.2.140');
INSERT INTO `on_log` VALUES ('E6E72EE17F724B9EBD236A9B689EDE5B', 'admin@qq.com', '根据角色ID获取左侧菜单栏', '2020-01-15 17:46:44', '192.168.137.1');
INSERT INTO `on_log` VALUES ('E6FAB240977D4D31AB609D2FE15A33BD', 'admin@qq.com', '查看订单', '2020-01-24 14:48:05', '192.168.2.140');
INSERT INTO `on_log` VALUES ('E70753CE92514CFC8A3306906875B0A1', 'admin@qq.com', '查看订单', '2020-02-06 16:33:09', '192.168.2.140');
INSERT INTO `on_log` VALUES ('E715DD79D63D478D94ADF08525E75B21', 'admin@qq.com', '查看订单', '2020-01-24 14:37:04', '192.168.2.140');
INSERT INTO `on_log` VALUES ('E71CB9551A534B03A52B06A8AF516307', 'admin@qq.com', '根据角色ID获取左侧菜单栏', '2020-02-06 16:31:54', '192.168.2.140');
INSERT INTO `on_log` VALUES ('E72C65B9118B41F6A825512FD7816B31', 'admin@qq.com', '登录', '2020-01-05 20:34:50', '192.168.0.104');
INSERT INTO `on_log` VALUES ('E72E451742FF4ACDAA8F6C1837D2401F', 'admin@qq.com', '根据角色ID获取左侧菜单栏', '2020-01-22 20:34:27', '192.168.2.140');
INSERT INTO `on_log` VALUES ('E75E69642B5541A48D8E8A7E037DB93A', 'admin@qq.com', '根据角色ID获取左侧菜单栏', '2020-01-24 15:54:46', '192.168.2.140');
INSERT INTO `on_log` VALUES ('E82B4FC4410C49FEA5C64623E2E33551', 'admin@qq.com', '根据角色ID获取左侧菜单栏', '2020-01-24 15:06:36', '192.168.2.140');
INSERT INTO `on_log` VALUES ('E83E7B47B19B44A692441806259200D1', 'admin@qq.com', '登录', '2020-01-15 17:27:14', '192.168.137.1');
INSERT INTO `on_log` VALUES ('E87EA262A42F4C0589407C00B757C069', 'admin@qq.com', '系统管理-模块管理-获取当前模块所赋权的角色名称', '2019-11-23 22:09:00', '111.0.186.178');
INSERT INTO `on_log` VALUES ('E88387BCCE114A9E8E3C366C2C0F739A', 'admin@qq.com', '查看订单', '2020-02-07 14:44:27', '192.168.2.140');
INSERT INTO `on_log` VALUES ('E8C251DB51684C90A6D45A4000B0DFD2', 'admin@qq.com', '系统管理-模块管理-获取所有父模块信息', '2020-01-04 14:55:20', '192.168.0.29');
INSERT INTO `on_log` VALUES ('E8D6D37189454D4F81004FE0FFC07E2E', 'admin@qq.com', '查看订单', '2020-01-24 11:30:28', '192.168.2.140');
INSERT INTO `on_log` VALUES ('E90A9D8A1AA842B2BBEC89D718A0B1C6', 'admin@qq.com', '登录', '2020-01-24 11:30:22', '192.168.2.140');
INSERT INTO `on_log` VALUES ('E9D8F25F9854423B89BD0BA5DB8DF103', 'admin@qq.com', '根据角色ID获取左侧菜单栏', '2020-01-21 10:13:28', '192.168.2.140');
INSERT INTO `on_log` VALUES ('EA0E8AF6FE67473F963022600020FF48', 'admin@qq.com', '查看订单', '2020-02-06 16:33:09', '192.168.2.140');
INSERT INTO `on_log` VALUES ('EA1DC587C9D44CDA8A0748F0C6B8D46E', 'admin@qq.com', '根据角色ID获取左侧菜单栏', '2019-12-21 17:21:45', '192.168.137.1');
INSERT INTO `on_log` VALUES ('EA323AD2856D4A13ABFB41277653F16D', 'admin@qq.com', '系统管理-用户管理-获取所有用户基本信息', '2019-11-23 15:24:25', '169.254.66.56');
INSERT INTO `on_log` VALUES ('EA8110B061DC4DC389E97A0C00C4ABEB', 'admin@qq.com', '系统管理-角色管理-获取所有角色信息', '2020-01-05 11:48:58', '192.168.0.104');
INSERT INTO `on_log` VALUES ('EC00B8D9A0C341539550A546C308F32F', 'admin@qq.com', '根据角色ID获取左侧菜单栏', '2019-12-17 20:35:41', '192.168.0.29');
INSERT INTO `on_log` VALUES ('EC2DF3C7EEB94A0A8D48DBE26F259DD0', 'admin@qq.com', '系统管理-用户管理-获取所有用户基本信息', '2020-01-22 16:52:06', '192.168.2.140');
INSERT INTO `on_log` VALUES ('EC450BEB1F7448E68E3944F8915E690E', 'admin@qq.com', '查看订单', '2020-02-06 16:31:58', '192.168.2.140');
INSERT INTO `on_log` VALUES ('EC4C8D07B70E47F3820C18EAC1C1E221', 'admin@qq.com', '查看订单', '2020-01-24 11:26:51', '192.168.2.140');
INSERT INTO `on_log` VALUES ('ECC270A784CD4687849AFCFF96073DA0', 'admin@qq.com', '查看订单', '2020-01-24 14:31:12', '192.168.2.140');
INSERT INTO `on_log` VALUES ('ECC2B73B91C7488580FB00635020D463', 'admin@qq.com', '根据角色ID获取左侧菜单栏', '2020-02-07 15:47:33', '192.168.2.140');
INSERT INTO `on_log` VALUES ('ECD213200D31448EB092D92071F97B8A', 'admin@qq.com', '根据角色ID获取左侧菜单栏', '2020-01-24 14:46:29', '192.168.2.140');
INSERT INTO `on_log` VALUES ('ECDD0A571DBA4F8386CD23EDBAD0E44D', '369@qq.com', '根据角色ID获取左侧菜单栏', '2019-11-23 22:18:41', '111.0.186.178');
INSERT INTO `on_log` VALUES ('ED143134F1D14DD8853AD60DC790300E', 'admin@qq.com', '系统管理-模块管理-获取当前模块所赋权的角色名称', '2020-02-07 21:04:05', '192.168.2.140');
INSERT INTO `on_log` VALUES ('ED960B39A78D4E97AC8743A626D73CBD', 'admin@qq.com', '登录', '2020-01-04 17:29:32', '192.168.0.29');
INSERT INTO `on_log` VALUES ('EDC6E1EB0902437AA2412C9D3249C79E', 'admin@qq.com', '系统管理-模块管理-获取当前模块所赋权的角色名称', '2019-11-23 22:06:10', '111.0.186.178');
INSERT INTO `on_log` VALUES ('EE0BCDD3147440F5B6901F8B3624B591', 'admin@qq.com', '系统管理-模块管理-获取所有父模块信息', '2019-11-23 22:09:11', '111.0.186.178');
INSERT INTO `on_log` VALUES ('EE4BF218F62341FEBD8B3A383CDE4692', 'admin@qq.com', '根据角色ID获取左侧菜单栏', '2019-12-17 19:34:14', '192.168.0.29');
INSERT INTO `on_log` VALUES ('EEB3479F11F54937899FE7D7AAB937DE', 'admin@qq.com', '系统管理-模块管理-获取所有父模块信息', '2019-11-23 22:08:59', '111.0.186.178');
INSERT INTO `on_log` VALUES ('EEE5271E2C5D4892A7274CEC009245B4', 'admin@qq.com', '登录', '2020-01-15 20:20:56', '192.168.137.1');
INSERT INTO `on_log` VALUES ('EF8FBD9A4100475186159F2D64538BC3', 'admin@qq.com', '系统管理-用户管理-获取所有用户基本信息', '2019-12-21 17:10:44', '192.168.137.1');
INSERT INTO `on_log` VALUES ('EF98E46CF31A43F4BCBC3B39BC7AB80C', 'admin@qq.com', '登录', '2019-12-01 10:46:13', '192.168.0.100');
INSERT INTO `on_log` VALUES ('EFE0DF5D3A524F7EBAD74B0AA54227A7', 'admin@qq.com', '登录', '2019-12-06 09:17:51', '192.168.0.28');
INSERT INTO `on_log` VALUES ('EFEF537C550740D18E2262D0623A9793', 'admin@qq.com', '系统管理-模块管理-获取所有父模块信息', '2020-01-21 16:48:09', '192.168.2.140');
INSERT INTO `on_log` VALUES ('F0AFA7DC3083430380FCF0F4113AE827', 'admin@qq.com', '系统管理-用户管理-获取所有用户基本信息', '2019-12-15 18:41:26', '192.168.0.104');
INSERT INTO `on_log` VALUES ('F10142638A76462F8B3CC2D62FF89A9A', 'admin@qq.com', '系统管理-模块管理-获取当前模块所赋权的角色名称', '2020-01-21 16:28:45', '192.168.2.140');
INSERT INTO `on_log` VALUES ('F173E81133924E68BEBB3B8A7C00A4FA', 'admin@qq.com', '系统管理-模块管理-获取所有父模块信息', '2020-01-21 16:28:40', '192.168.2.140');
INSERT INTO `on_log` VALUES ('F1AF0797841840DC95558BDBABB6195B', 'admin@qq.com', '查看订单', '2020-02-07 15:22:39', '192.168.2.140');
INSERT INTO `on_log` VALUES ('F1EB88447BF14471BD286E25AEFE3716', 'admin@qq.com', '系统管理-用户管理-获取所有用户基本信息', '2020-02-06 16:33:03', '192.168.2.140');
INSERT INTO `on_log` VALUES ('F2AB9CCB27074B8986471EB5EC25E0A7', 'admin@qq.com', '登录', '2019-12-21 17:08:22', '192.168.137.1');
INSERT INTO `on_log` VALUES ('F2C82865AD0E4018A4C3AB6903281BA4', 'admin@qq.com', '系统管理-模块管理-获取所有父模块信息', '2020-01-04 14:54:36', '192.168.0.29');
INSERT INTO `on_log` VALUES ('F2D390646F5D4F9F8AF2A7E9E12274E3', 'admin@qq.com', '根据角色ID获取左侧菜单栏', '2019-12-17 19:42:51', '192.168.0.29');
INSERT INTO `on_log` VALUES ('F30561F61CB34CD78E93935B5D69DAAE', 'admin@qq.com', '查看订单', '2020-01-24 11:34:49', '192.168.2.140');
INSERT INTO `on_log` VALUES ('F33E5E3DAA4F4162818D051B14AD2829', 'admin@qq.com', '登录', '2020-01-21 16:16:52', '192.168.2.140');
INSERT INTO `on_log` VALUES ('F3D1F6CE7F4A4D0392AA715B1EAC08B9', 'admin@qq.com', '查看订单', '2020-02-07 20:40:32', '192.168.2.140');
INSERT INTO `on_log` VALUES ('F486B1D0FA1D4F8DAF2E9FE1A39D352D', 'admin@qq.com', '查看订单', '2020-01-24 13:57:54', '192.168.2.140');
INSERT INTO `on_log` VALUES ('F4ADA4C01030466DAEFB9B3E507BC69E', 'admin@qq.com', '系统管理-模块管理-获取所有未删除的子模块信息', '2020-01-21 11:19:18', '192.168.2.140');
INSERT INTO `on_log` VALUES ('F4B514DB90924CA18A80B85B79567402', 'admin@qq.com', '系统管理-模块管理-获取所有未删除的子模块信息', '2020-01-21 16:28:48', '192.168.2.140');
INSERT INTO `on_log` VALUES ('F4E04AD9B51F4D968DAA10BC43B9C294', 'admin@qq.com', '查看订单', '2020-01-24 14:31:58', '192.168.2.140');
INSERT INTO `on_log` VALUES ('F5EFCBD359C8492496616B7DA8C94A6B', 'admin@qq.com', '登录', '2019-12-17 20:32:36', '192.168.0.29');
INSERT INTO `on_log` VALUES ('F67AC3DCBF1B4EF799B28F8B84BA5C54', 'admin@qq.com', '系统管理-模块管理-获取所有父模块信息', '2019-11-23 22:09:15', '111.0.186.178');
INSERT INTO `on_log` VALUES ('F6D76A8793FD4AEC999BE9D9034E3746', 'admin@qq.com', '系统管理-模块管理-获取当前模块所赋权的角色名称', '2019-11-23 22:09:05', '111.0.186.178');
INSERT INTO `on_log` VALUES ('F712556DA808481C8F2671211BDE01AD', 'admin@qq.com', '根据角色ID获取左侧菜单栏', '2020-01-24 16:43:08', '192.168.2.140');
INSERT INTO `on_log` VALUES ('F7547AAAB3674674B70FAC5BC0CAA647', 'admin@qq.com', '根据角色ID获取左侧菜单栏', '2019-11-23 15:48:40', '169.254.66.56');
INSERT INTO `on_log` VALUES ('F7640296651D4C1BA81E8757E9B253CF', 'admin@qq.com', '根据角色ID获取左侧菜单栏', '2020-02-08 16:03:04', '192.168.2.140');
INSERT INTO `on_log` VALUES ('F789DA6133474AC78EF2773143AC9102', 'admin@qq.com', '登录', '2020-01-24 14:34:10', '192.168.2.140');
INSERT INTO `on_log` VALUES ('F7E0E48A212D412E8CFB46C750BA11B1', 'admin@qq.com', '系统管理-角色管理-获取所有角色信息', '2019-12-05 11:31:36', '192.168.0.28');
INSERT INTO `on_log` VALUES ('F88AD5762DF4452E85D1AE26B5DAAE14', 'admin@qq.com', '查看订单', '2020-01-24 14:27:09', '192.168.2.140');
INSERT INTO `on_log` VALUES ('F8EEE9062936419BA234794014808CC7', 'admin@qq.com', '登录', '2020-01-24 15:42:30', '192.168.2.140');
INSERT INTO `on_log` VALUES ('F901DCE6BF7449BA8E987EDCDFD26C2D', 'admin@qq.com', '根据角色ID获取左侧菜单栏', '2020-01-04 17:29:32', '192.168.0.29');
INSERT INTO `on_log` VALUES ('F94F9EC3AC424FA7A214E2EB979BE227', 'admin@qq.com', '更换头像', '2019-12-15 19:00:40', '192.168.0.104');
INSERT INTO `on_log` VALUES ('F9DDC81FD6494E71A4681B41AB26F598', 'admin@qq.com', '系统管理-角色管理-获取所有角色信息', '2019-12-05 11:31:47', '192.168.0.28');
INSERT INTO `on_log` VALUES ('FA542F1EC42F4E2B99A69FF868316D23', 'admin@qq.com', '查看订单', '2020-02-07 20:44:33', '192.168.2.140');
INSERT INTO `on_log` VALUES ('FB0BCEFA678E43BEBA36EB4D2EAA05AA', 'admin@qq.com', '系统管理-模块管理-获取所有未删除的子模块信息', '2019-11-23 22:09:10', '111.0.186.178');
INSERT INTO `on_log` VALUES ('FB10CE7423904613BA59FB3B3BED4F79', 'admin@qq.com', '查看订单', '2020-01-24 14:39:21', '192.168.2.140');
INSERT INTO `on_log` VALUES ('FBA56880196D4630B7016DAD0EAFAC02', 'admin@qq.com', '根据角色ID获取左侧菜单栏', '2020-01-05 11:44:59', '192.168.0.104');
INSERT INTO `on_log` VALUES ('FBC088F9ECFA4B09BF0E44F550735032', 'admin@qq.com', '查看订单', '2020-01-24 14:21:25', '192.168.2.140');
INSERT INTO `on_log` VALUES ('FBEC9F9E23084167B18206F4C73E6076', 'admin@qq.com', '根据角色ID获取左侧菜单栏', '2019-12-17 20:25:07', '192.168.0.29');
INSERT INTO `on_log` VALUES ('FC167134747244B992904D203F40DB6C', '', '登录', '2020-01-04 14:49:51', '192.168.0.29');
INSERT INTO `on_log` VALUES ('FC32C4272A7D4F8987385584A8C2E031', '', '登录', '2020-01-05 11:54:31', '192.168.0.104');
INSERT INTO `on_log` VALUES ('FC5DEC9E37214E4FAC222B4613D71350', 'admin@qq.com', '系统管理-模块管理-获取所有未删除的子模块信息', '2020-01-21 16:29:07', '192.168.2.140');
INSERT INTO `on_log` VALUES ('FC9CB8AE98374A6A8F1FE0D9192039F2', 'admin@qq.com', '根据角色ID获取左侧菜单栏', '2020-01-22 20:35:04', '192.168.2.140');
INSERT INTO `on_log` VALUES ('FCA4A88B8BA242B3856679E9DB908FCC', 'admin@qq.com', '系统管理-模块管理-获取所有父模块信息', '2020-01-21 16:28:12', '192.168.2.140');
INSERT INTO `on_log` VALUES ('FCBFBD35B8094DDA9D994FC5318FDBF3', 'admin@qq.com', '系统管理-模块管理-获取当前模块所赋权的角色名称', '2020-01-21 16:29:10', '192.168.2.140');
INSERT INTO `on_log` VALUES ('FD895F23C65E4AF3B49C64DF5A514FE7', 'admin@qq.com', '查看订单', '2020-02-07 20:40:32', '192.168.2.140');
INSERT INTO `on_log` VALUES ('FE09F78639CD4EED86B9214687B26620', 'admin@qq.com', '登录', '2020-01-05 11:21:30', '192.168.0.104');
INSERT INTO `on_log` VALUES ('FE37072A4AA64E338D8E363D49EC2D63', '', '登录', '2020-01-05 11:52:48', '192.168.0.104');
INSERT INTO `on_log` VALUES ('FE54672703424B71AAD62E38ED379F8B', 'admin@qq.com', '系统管理-角色管理-获取所有角色信息', '2019-11-23 22:06:44', '111.0.186.178');
INSERT INTO `on_log` VALUES ('FF0162A50AC84FFA8A89F636612EC702', 'admin@qq.com', '系统管理-模块管理-获取所有未删除的子模块信息', '2020-01-04 14:55:25', '192.168.0.29');
INSERT INTO `on_log` VALUES ('FF289CE0291D43869D41ED80B33FECDC', 'admin@qq.com', '登录', '2019-12-21 19:14:44', '192.168.137.1');
INSERT INTO `on_log` VALUES ('FF8F3226D11D42969DAC82CDD49CCDBA', 'admin@qq.com', '根据角色ID获取左侧菜单栏', '2019-11-23 15:24:23', '169.254.66.56');
INSERT INTO `on_log` VALUES ('FF9927C19DB54720B5353C3CBE164E83', 'admin@qq.com', '系统管理-角色管理-获取所有角色信息', '2019-11-23 22:04:03', '111.0.186.178');
INSERT INTO `on_log` VALUES ('FFAAC9EBDA1D42149A26BD4D436D3A63', 'caozuo@qq.com', '系统管理-角色管理-获取所有角色信息', '2019-11-23 15:49:00', '169.254.66.56');
INSERT INTO `on_log` VALUES ('FFB42A87B0D7440EB90FA27C1FAD46A6', 'admin@qq.com', '查看订单', '2020-01-24 14:34:13', '192.168.2.140');
INSERT INTO `on_log` VALUES ('E88E3BFF239343FA94674C1AC4DCE4A7', '', '登录', '2020-02-12 17:37:03', '192.168.178.3');
INSERT INTO `on_log` VALUES ('5C84404E759445C89D7D9AC2099AE2AF', '', '登录', '2020-02-12 17:37:26', '192.168.178.3');
INSERT INTO `on_log` VALUES ('3F318DB477934ECD9C2DB84DC6FA93DB', 'guanyu@qq.com', '登录', '2020-02-12 17:38:02', '192.168.178.3');
INSERT INTO `on_log` VALUES ('7FB22B1C5B2E4C24A1EF3110F43DE57B', 'guanyu@qq.com', '根据角色ID获取左侧菜单栏', '2020-02-12 17:38:02', '192.168.178.3');
INSERT INTO `on_log` VALUES ('C472FC7427EB4ADCA91F0A0121EAB861', 'admin@qq.com', '登录', '2020-02-12 17:39:44', '192.168.178.3');
INSERT INTO `on_log` VALUES ('511D62440748437C85405286A26E94BC', 'admin@qq.com', '根据角色ID获取左侧菜单栏', '2020-02-12 17:39:44', '192.168.178.3');
INSERT INTO `on_log` VALUES ('AC6E3DDD7395405E8E380B4284C34BE0', 'admin@qq.com', '查看订单', '2020-02-12 17:41:50', '192.168.178.3');
INSERT INTO `on_log` VALUES ('D2B764823FC94815AFA950C130B6FC12', 'admin@qq.com', '查看订单', '2020-02-12 17:41:50', '192.168.178.3');
INSERT INTO `on_log` VALUES ('A1D8FBEDE73E443EBBF86A7660AEA674', 'admin@qq.com', '查看订单', '2020-02-12 17:41:50', '192.168.178.3');
INSERT INTO `on_log` VALUES ('2E7F461168484C7AA5C26259CBF75B7A', 'admin@qq.com', '系统管理-用户管理-获取所有用户基本信息', '2020-02-12 17:42:05', '192.168.178.3');
INSERT INTO `on_log` VALUES ('9C919720CB49400992B302C0BE583FAE', 'admin@qq.com', '系统管理-模块管理-获取所有未删除的子模块信息', '2020-02-12 17:42:41', '192.168.178.3');
INSERT INTO `on_log` VALUES ('C6A6148F828549E2B5DCB333F1EDCB02', 'admin@qq.com', '系统管理-模块管理-获取所有父模块信息', '2020-02-12 17:42:44', '192.168.178.3');
INSERT INTO `on_log` VALUES ('67A8E9B54B464555A67BB944F5A4A290', 'admin@qq.com', '系统管理-模块管理-获取当前模块所赋权的角色名称', '2020-02-12 17:42:44', '192.168.178.3');
INSERT INTO `on_log` VALUES ('AF00BA7F68144D4DB717414AB6DA4BF3', 'admin@qq.com', '系统管理-模块管理-获取所有父模块信息', '2020-02-12 17:42:46', '192.168.178.3');
INSERT INTO `on_log` VALUES ('0FD91D8782FF4AE094A8EDA8A60C4CEE', 'admin@qq.com', '系统管理-模块管理-获取当前模块所赋权的角色名称', '2020-02-12 17:42:46', '192.168.178.3');
INSERT INTO `on_log` VALUES ('792A4305CC8C4983AC52E062805D56AE', 'admin@qq.com', '系统管理-模块管理-获取所有父模块信息', '2020-02-12 17:42:47', '192.168.178.3');
INSERT INTO `on_log` VALUES ('017936988C8E4203BB5E4D6E794BCAAA', 'admin@qq.com', '系统管理-模块管理-获取当前模块所赋权的角色名称', '2020-02-12 17:42:47', '192.168.178.3');
INSERT INTO `on_log` VALUES ('1575BCA9E4CA45DE9B3DC70100FD3128', 'admin@qq.com', '系统管理-模块管理-获取所有父模块信息', '2020-02-12 17:42:47', '192.168.178.3');
INSERT INTO `on_log` VALUES ('38180B74CC8543CDBCE181FE90BD6DFF', 'admin@qq.com', '系统管理-模块管理-获取当前模块所赋权的角色名称', '2020-02-12 17:42:47', '192.168.178.3');
INSERT INTO `on_log` VALUES ('DB8956460165440FB9CCED0E4AB9C48B', 'admin@qq.com', '系统管理-模块管理-获取所有父模块信息', '2020-02-12 17:42:48', '192.168.178.3');
INSERT INTO `on_log` VALUES ('208388456B4E4CF08A93EBE2E74DE25C', 'admin@qq.com', '系统管理-模块管理-获取当前模块所赋权的角色名称', '2020-02-12 17:42:48', '192.168.178.3');
INSERT INTO `on_log` VALUES ('93DFB2B7DC984E94BD436177AC27B994', 'admin@qq.com', '系统管理-模块管理-获取所有父模块信息', '2020-02-12 17:42:49', '192.168.178.3');
INSERT INTO `on_log` VALUES ('0A183D2CF6D5476780B140C372087C10', 'admin@qq.com', '系统管理-模块管理-获取当前模块所赋权的角色名称', '2020-02-12 17:42:49', '192.168.178.3');
INSERT INTO `on_log` VALUES ('A10F3F41823643578BCA7925209F7794', 'admin@qq.com', '系统管理-模块管理-获取所有父模块信息', '2020-02-12 17:42:49', '192.168.178.3');
INSERT INTO `on_log` VALUES ('B6FE9C860EC645E19F3B54BBC47E2ED3', 'admin@qq.com', '系统管理-模块管理-获取当前模块所赋权的角色名称', '2020-02-12 17:42:49', '192.168.178.3');
INSERT INTO `on_log` VALUES ('1DC7A5060C6048628D5288A78A9D666B', 'admin@qq.com', '系统管理-模块管理-获取所有父模块信息', '2020-02-12 17:42:50', '192.168.178.3');
INSERT INTO `on_log` VALUES ('C050EB8C7467469F85E8EAA02AA3115D', 'admin@qq.com', '系统管理-模块管理-获取当前模块所赋权的角色名称', '2020-02-12 17:42:50', '192.168.178.3');
INSERT INTO `on_log` VALUES ('CE8C08F497A747978412B464041E7F01', 'admin@qq.com', '系统管理-模块管理-获取所有父模块信息', '2020-02-12 17:42:50', '192.168.178.3');
INSERT INTO `on_log` VALUES ('C1154D3312E7417DB05CF5086EA8E28A', 'admin@qq.com', '系统管理-模块管理-获取当前模块所赋权的角色名称', '2020-02-12 17:42:50', '192.168.178.3');
INSERT INTO `on_log` VALUES ('EB72E9EBFFC14DFCB4A7806A361A81F0', 'admin@qq.com', '系统管理-模块管理-获取所有父模块信息', '2020-02-12 17:42:50', '192.168.178.3');
INSERT INTO `on_log` VALUES ('60442E31D4FD4D22A3ED5DF8D3A99785', 'admin@qq.com', '系统管理-模块管理-获取当前模块所赋权的角色名称', '2020-02-12 17:42:50', '192.168.178.3');
INSERT INTO `on_log` VALUES ('AC6ED4143EFF49C98274EDF5072661CF', 'admin@qq.com', '系统管理-角色管理-获取所有角色信息', '2020-02-12 17:42:56', '192.168.178.3');
INSERT INTO `on_log` VALUES ('8D3159D7A84D4EF483DCA5FBB40F65E8', 'admin@qq.com', '系统管理-用户管理-获取所有用户基本信息', '2020-02-12 17:43:11', '192.168.178.3');
INSERT INTO `on_log` VALUES ('A88BC7C98FE246C2B7C2E6CA7EE339CA', 'admin@qq.com', '系统管理-角色管理-获取所有角色信息', '2020-02-12 17:43:46', '192.168.178.3');
INSERT INTO `on_log` VALUES ('08204A43CFAD4A49B9A041CCA0E0FAAC', 'admin@qq.com', '系统管理-用户管理-获取所有用户基本信息', '2020-02-12 17:43:48', '192.168.178.3');
INSERT INTO `on_log` VALUES ('B178BC51C55340409DCAD6748E5968A1', 'admin@qq.com', '查看订单', '2020-02-12 17:43:49', '192.168.178.3');
INSERT INTO `on_log` VALUES ('76DC226009BA474789A21C5C5E00BD4E', 'admin@qq.com', '查看订单', '2020-02-12 17:43:49', '192.168.178.3');
INSERT INTO `on_log` VALUES ('1D483622665C4BC28EFDC47D37CDDC35', 'admin@qq.com', '查看订单', '2020-02-12 17:43:49', '192.168.178.3');
INSERT INTO `on_log` VALUES ('72B74EF9CC874813A5B49B86EBD554CB', 'admin@qq.com', '系统管理-模块管理-获取所有未删除的子模块信息', '2020-02-12 17:45:11', '192.168.178.3');
INSERT INTO `on_log` VALUES ('FC58034B501140A88D8FAC60730C49BF', 'admin@qq.com', '系统管理-角色管理-获取所有角色信息', '2020-02-12 17:45:24', '192.168.178.3');
INSERT INTO `on_log` VALUES ('4CCDC90CD0C540E28DA28BCC9A3A93AC', 'admin@qq.com', '系统管理-用户管理-获取所有用户基本信息', '2020-02-12 17:46:34', '192.168.178.3');
INSERT INTO `on_log` VALUES ('A62CC2F17A114FF0A86924FCE4564680', 'admin@qq.com', '系统管理-角色管理-获取所有角色信息', '2020-02-12 17:47:59', '192.168.178.3');
INSERT INTO `on_log` VALUES ('2A9C9378C5A04DC9819780486CFC9498', 'admin@qq.com', '系统管理-模块管理-获取所有未删除的子模块信息', '2020-02-12 17:48:13', '192.168.178.3');
INSERT INTO `on_log` VALUES ('46DD4C1ED6F645A6A435B72D61889CE4', 'admin@qq.com', '系统管理-模块管理-获取所有父模块信息', '2020-02-12 17:48:17', '192.168.178.3');
INSERT INTO `on_log` VALUES ('878CFE65C3CF443B8711BBC740A0E2F7', 'admin@qq.com', '系统管理-模块管理-获取当前模块所赋权的角色名称', '2020-02-12 17:48:17', '192.168.178.3');
INSERT INTO `on_log` VALUES ('E3F784768AE5473C9BF10CC218B83F86', 'admin@qq.com', '系统管理-模块管理-获取所有父模块信息', '2020-02-12 17:48:26', '192.168.178.3');
INSERT INTO `on_log` VALUES ('8D79F7B4F0CD4079B5EF72F5797F5579', 'admin@qq.com', '系统管理-模块管理-获取当前模块所赋权的角色名称', '2020-02-12 17:48:26', '192.168.178.3');
INSERT INTO `on_log` VALUES ('4F082CAECABC439BAFBE1342FA81BEBD', 'admin@qq.com', '系统管理-模块管理-获取所有父模块信息', '2020-02-12 17:48:27', '192.168.178.3');
INSERT INTO `on_log` VALUES ('BD7D8DBB813C4DAF8DF2EFE301467843', 'admin@qq.com', '系统管理-模块管理-获取当前模块所赋权的角色名称', '2020-02-12 17:48:27', '192.168.178.3');
INSERT INTO `on_log` VALUES ('8AA57A03ACEA4F628210A82276713689', 'admin@qq.com', '系统管理-模块管理-获取所有父模块信息', '2020-02-12 17:48:28', '192.168.178.3');
INSERT INTO `on_log` VALUES ('D0978A605E1540DF8FB384CCE13CEC55', 'admin@qq.com', '系统管理-模块管理-获取当前模块所赋权的角色名称', '2020-02-12 17:48:28', '192.168.178.3');
INSERT INTO `on_log` VALUES ('221B161230B1464D9696F2721E435F82', 'admin@qq.com', '系统管理-模块管理-获取所有父模块信息', '2020-02-12 17:48:30', '192.168.178.3');
INSERT INTO `on_log` VALUES ('102ACA7FD115472C8B6CA0695BB8CE4A', 'admin@qq.com', '系统管理-模块管理-获取当前模块所赋权的角色名称', '2020-02-12 17:48:30', '192.168.178.3');
INSERT INTO `on_log` VALUES ('90AF0BBCA8534FEB865739FA516CFBB0', 'admin@qq.com', '系统管理-模块管理-获取所有父模块信息', '2020-02-12 17:48:32', '192.168.178.3');
INSERT INTO `on_log` VALUES ('913646F5555C48979083204E3524453E', 'admin@qq.com', '系统管理-模块管理-获取当前模块所赋权的角色名称', '2020-02-12 17:48:32', '192.168.178.3');
INSERT INTO `on_log` VALUES ('834045796B8D44C2B5FC81C8D98116A4', 'admin@qq.com', '系统管理-模块管理-获取所有父模块信息', '2020-02-12 17:48:33', '192.168.178.3');
INSERT INTO `on_log` VALUES ('3670BE577A604FF5A37DFD5E7E412D09', 'admin@qq.com', '系统管理-模块管理-获取当前模块所赋权的角色名称', '2020-02-12 17:48:33', '192.168.178.3');
INSERT INTO `on_log` VALUES ('8B0D2D1A81D04C0C9B792000839394D6', 'admin@qq.com', '系统管理-模块管理-获取所有父模块信息', '2020-02-12 17:48:35', '192.168.178.3');
INSERT INTO `on_log` VALUES ('801759DEA23A4CC69294A733E3B266D0', 'admin@qq.com', '系统管理-模块管理-获取当前模块所赋权的角色名称', '2020-02-12 17:48:35', '192.168.178.3');
INSERT INTO `on_log` VALUES ('5F5941325A9647B281A715AFC0DA9C96', 'admin@qq.com', '系统管理-模块管理-获取所有父模块信息', '2020-02-12 17:48:36', '192.168.178.3');
INSERT INTO `on_log` VALUES ('3A1998B7B0534F84ADFCCE01B46D810C', 'admin@qq.com', '系统管理-模块管理-获取当前模块所赋权的角色名称', '2020-02-12 17:48:36', '192.168.178.3');
INSERT INTO `on_log` VALUES ('894B93FAF60C4C60A85F49BAE6258B20', 'admin@qq.com', '系统管理-角色管理-获取所有角色信息', '2020-02-12 17:48:42', '192.168.178.3');
INSERT INTO `on_log` VALUES ('3D857B01B5B44223B3BB5F0B8752ADEC', 'admin@qq.com', '系统管理-角色管理-锁定或解锁角色使用', '2020-02-12 17:48:48', '192.168.178.3');
INSERT INTO `on_log` VALUES ('3F4A11C90B424D31B6FEA5D4F5282789', 'admin@qq.com', '系统管理-角色管理-获取所有角色信息', '2020-02-12 17:48:48', '192.168.178.3');
INSERT INTO `on_log` VALUES ('B60FDE0A2859466295583B44CF5D4710', 'admin@qq.com', '系统管理-角色管理-锁定或解锁角色使用', '2020-02-12 17:48:51', '192.168.178.3');
INSERT INTO `on_log` VALUES ('17AF3CE3C24D48678A75671423FE698E', 'admin@qq.com', '系统管理-角色管理-获取所有角色信息', '2020-02-12 17:48:51', '192.168.178.3');
INSERT INTO `on_log` VALUES ('E3FF9BFB5C93406C8E2628A534D29672', 'admin@qq.com', '查看订单', '2020-02-12 17:49:24', '192.168.178.3');
INSERT INTO `on_log` VALUES ('BCD413F92EF64CDC8B02C978C4E67299', 'admin@qq.com', '查看订单', '2020-02-12 17:49:24', '192.168.178.3');
INSERT INTO `on_log` VALUES ('64AC0E7D2E9E4BAFA4D60F4126218A04', 'admin@qq.com', '查看订单', '2020-02-12 17:49:24', '192.168.178.3');
INSERT INTO `on_log` VALUES ('846D9A39995945B485E45A732F7594A1', 'admin@qq.com', '系统管理-角色管理-获取所有角色信息', '2020-02-12 17:56:41', '192.168.178.3');
INSERT INTO `on_log` VALUES ('9BA0197A96934510A982EC766D5EA9F8', 'admin@qq.com', '系统管理-用户管理-获取所有用户基本信息', '2020-02-12 17:56:59', '192.168.178.3');
INSERT INTO `on_log` VALUES ('BA2D80731B4B4FB8A3DF15E27AE7700E', 'admin@qq.com', '系统管理-模块管理-获取所有未删除的子模块信息', '2020-02-12 17:57:11', '192.168.178.3');
INSERT INTO `on_log` VALUES ('4AE27B07F47C4DE39F8461E1C509F8B3', 'admin@qq.com', '系统管理-模块管理-获取所有父模块信息', '2020-02-12 17:57:12', '192.168.178.3');
INSERT INTO `on_log` VALUES ('29C8D592BD444B379508388E7EDF56D4', 'admin@qq.com', '系统管理-模块管理-获取当前模块所赋权的角色名称', '2020-02-12 17:57:12', '192.168.178.3');
INSERT INTO `on_log` VALUES ('324B11ED7DED4F8DA3AA0BAB41F2782A', 'admin@qq.com', '系统管理-角色管理-获取所有角色信息', '2020-02-12 17:57:24', '192.168.178.3');
INSERT INTO `on_log` VALUES ('4490AA05CF124F5681BDFEC946B4F934', 'admin@qq.com', '查看订单', '2020-02-12 17:57:57', '192.168.178.3');
INSERT INTO `on_log` VALUES ('F33426BD557840B39F8A58BC724320D2', 'admin@qq.com', '查看订单', '2020-02-12 17:57:57', '192.168.178.3');
INSERT INTO `on_log` VALUES ('52AAD72A86494009A7C5A8A3EB86C9CB', 'admin@qq.com', '查看订单', '2020-02-12 17:57:57', '192.168.178.3');
INSERT INTO `on_log` VALUES ('89FE1A65E6524800BD0B54AAB8542FD4', 'admin@qq.com', '系统管理-用户管理-获取所有用户基本信息', '2020-02-12 17:59:05', '192.168.178.3');
INSERT INTO `on_log` VALUES ('C1B271156B124A5E8581C34D73B01518', 'admin@qq.com', '系统管理-模块管理-获取所有未删除的子模块信息', '2020-02-12 18:21:26', '192.168.178.3');
INSERT INTO `on_log` VALUES ('235358351AA54561828AFB383F8DB3B5', 'admin@qq.com', '系统管理-模块管理-获取所有父模块信息', '2020-02-12 18:21:28', '192.168.178.3');
INSERT INTO `on_log` VALUES ('610F3F3244F948DAB2644BD9289627BC', 'admin@qq.com', '系统管理-模块管理-获取当前模块所赋权的角色名称', '2020-02-12 18:21:28', '192.168.178.3');
INSERT INTO `on_log` VALUES ('BE5D8CEACEEF4F99B988FF4D80F932E6', 'admin@qq.com', '系统管理-模块管理-获取所有父模块信息', '2020-02-12 18:21:29', '192.168.178.3');
INSERT INTO `on_log` VALUES ('38DC4DEBBCF04730A6B6B9FA460C0107', 'admin@qq.com', '系统管理-模块管理-获取当前模块所赋权的角色名称', '2020-02-12 18:21:29', '192.168.178.3');
INSERT INTO `on_log` VALUES ('1BD416C67C514052B421549CCD99C73D', 'admin@qq.com', '系统管理-模块管理-获取所有父模块信息', '2020-02-12 18:21:30', '192.168.178.3');
INSERT INTO `on_log` VALUES ('3315125B422D4E518C1460A6294D926B', 'admin@qq.com', '系统管理-模块管理-获取当前模块所赋权的角色名称', '2020-02-12 18:21:30', '192.168.178.3');
INSERT INTO `on_log` VALUES ('0E9436311555427DB6C7444A03A61E7F', 'admin@qq.com', '系统管理-模块管理-获取所有父模块信息', '2020-02-12 18:21:30', '192.168.178.3');
INSERT INTO `on_log` VALUES ('A9B74103FA114441B57499E537866DCC', 'admin@qq.com', '系统管理-模块管理-获取当前模块所赋权的角色名称', '2020-02-12 18:21:30', '192.168.178.3');
INSERT INTO `on_log` VALUES ('AFF28E65571F4E8FB7635FC90284F3B9', 'admin@qq.com', '系统管理-模块管理-获取所有父模块信息', '2020-02-12 18:21:38', '192.168.178.3');
INSERT INTO `on_log` VALUES ('A1479EB48EAE4FEE9DEBF5D53BBF5EE3', 'admin@qq.com', '系统管理-模块管理-获取当前模块所赋权的角色名称', '2020-02-12 18:21:38', '192.168.178.3');
INSERT INTO `on_log` VALUES ('13F2A0B3015842F58C3A90068233E0EB', 'admin@qq.com', '系统管理-模块管理-获取所有父模块信息', '2020-02-12 18:21:39', '192.168.178.3');
INSERT INTO `on_log` VALUES ('D5BCC0EEFCEA4618B511A82ED02EDC0F', 'admin@qq.com', '系统管理-模块管理-获取当前模块所赋权的角色名称', '2020-02-12 18:21:39', '192.168.178.3');
INSERT INTO `on_log` VALUES ('A25625ACE641473DB954B1BEE0F3BB52', 'admin@qq.com', '系统管理-模块管理-获取所有父模块信息', '2020-02-12 18:21:40', '192.168.178.3');
INSERT INTO `on_log` VALUES ('9CD2F1A64C524788B946B3E0E777C5EB', 'admin@qq.com', '系统管理-模块管理-获取当前模块所赋权的角色名称', '2020-02-12 18:21:40', '192.168.178.3');
INSERT INTO `on_log` VALUES ('1A8638BEC21D46C480F4A063C23B56C1', 'admin@qq.com', '系统管理-模块管理-获取所有父模块信息', '2020-02-12 18:21:41', '192.168.178.3');
INSERT INTO `on_log` VALUES ('1891E50EF0D54B1B95A3B1CA52B9702B', 'admin@qq.com', '系统管理-模块管理-获取当前模块所赋权的角色名称', '2020-02-12 18:21:41', '192.168.178.3');
INSERT INTO `on_log` VALUES ('6E9496E233504D24BBF91BC0912AB0DF', 'admin@qq.com', '系统管理-模块管理-获取所有父模块信息', '2020-02-12 18:21:43', '192.168.178.3');
INSERT INTO `on_log` VALUES ('98827FC080BB41D5825902D0C4236A75', 'admin@qq.com', '系统管理-模块管理-获取当前模块所赋权的角色名称', '2020-02-12 18:21:43', '192.168.178.3');
INSERT INTO `on_log` VALUES ('47929DA228B14072BC7F41CCDD7F3A1A', 'admin@qq.com', '系统管理-模块管理-获取所有父模块信息', '2020-02-12 18:21:43', '192.168.178.3');
INSERT INTO `on_log` VALUES ('A55A6EF8DD534FCB97F52EAEDB422E39', 'admin@qq.com', '系统管理-模块管理-获取当前模块所赋权的角色名称', '2020-02-12 18:21:43', '192.168.178.3');
INSERT INTO `on_log` VALUES ('9CE8E51FDCB241358CD82374F8C82DAB', 'admin@qq.com', '系统管理-模块管理-获取所有父模块信息', '2020-02-12 18:21:44', '192.168.178.3');
INSERT INTO `on_log` VALUES ('06C036F41D3F467392156B23ED504F21', 'admin@qq.com', '系统管理-模块管理-获取当前模块所赋权的角色名称', '2020-02-12 18:21:44', '192.168.178.3');
INSERT INTO `on_log` VALUES ('918CEBF0BEC040248CEB61F277E4A3EF', 'admin@qq.com', '系统管理-模块管理-获取所有父模块信息', '2020-02-12 18:21:45', '192.168.178.3');
INSERT INTO `on_log` VALUES ('107C4D93A99F441DB2FC6E9020566B97', 'admin@qq.com', '系统管理-模块管理-获取当前模块所赋权的角色名称', '2020-02-12 18:21:45', '192.168.178.3');
INSERT INTO `on_log` VALUES ('437D45466FF1414F833779BF5FF3CA11', 'admin@qq.com', '系统管理-模块管理-获取当前模块所赋权的角色名称', '2020-02-12 18:21:46', '192.168.178.3');
INSERT INTO `on_log` VALUES ('052F55B0978E4CBD9FAD1764F0D57D0B', 'admin@qq.com', '系统管理-模块管理-获取所有父模块信息', '2020-02-12 18:21:46', '192.168.178.3');
INSERT INTO `on_log` VALUES ('24E2BBB30E334DB7B03D568E01D37022', 'admin@qq.com', '系统管理-模块管理-获取所有父模块信息', '2020-02-12 18:21:46', '192.168.178.3');
INSERT INTO `on_log` VALUES ('CACB722D7030490A982CC765AC60E91E', 'admin@qq.com', '系统管理-模块管理-获取当前模块所赋权的角色名称', '2020-02-12 18:21:46', '192.168.178.3');
INSERT INTO `on_log` VALUES ('043C75EAFB704F0F91D61874EFEF0800', 'admin@qq.com', '系统管理-用户管理-获取所有用户基本信息', '2020-02-12 18:22:56', '192.168.178.3');
INSERT INTO `on_log` VALUES ('654BAFC146DC471EAF63E13AEA2BC99D', 'admin@qq.com', '系统管理-模块管理-获取所有未删除的子模块信息', '2020-02-12 18:22:58', '192.168.178.3');
INSERT INTO `on_log` VALUES ('86647077565F4FC8B9BE3C5BE8971E16', 'admin@qq.com', '系统管理-用户管理-获取所有用户基本信息', '2020-02-12 18:23:19', '192.168.178.3');
INSERT INTO `on_log` VALUES ('3C26F00941854203A4020568342467F1', 'admin@qq.com', '系统管理-用户管理-获取所有用户基本信息', '2020-02-12 18:28:50', '192.168.178.3');
INSERT INTO `on_log` VALUES ('72CD668D8B5D476E8FF1AD79EBF107C4', 'admin@qq.com', '系统管理-模块管理-获取所有未删除的子模块信息', '2020-02-12 18:28:51', '192.168.178.3');
INSERT INTO `on_log` VALUES ('55E1AED85D5141C38F1FFADE066C58C8', 'admin@qq.com', '系统管理-模块管理-获取所有未删除的子模块信息', '2020-02-12 18:28:53', '192.168.178.3');
INSERT INTO `on_log` VALUES ('1A69694124AA4AC1A763C9763DB6C32A', 'admin@qq.com', '系统管理-模块管理-获取所有父模块信息', '2020-02-12 18:28:54', '192.168.178.3');
INSERT INTO `on_log` VALUES ('58D04717473940408ABD92E7E6E03671', 'admin@qq.com', '系统管理-角色管理-获取所有角色信息', '2020-02-12 18:29:05', '192.168.178.3');
INSERT INTO `on_log` VALUES ('0798878182F14088A9A6E4857B378793', 'admin@qq.com', '查看订单', '2020-02-12 18:29:15', '192.168.178.3');
INSERT INTO `on_log` VALUES ('44897E3BA9AF43DFAE47A2E0F7366798', 'admin@qq.com', '查看订单', '2020-02-12 18:29:15', '192.168.178.3');
INSERT INTO `on_log` VALUES ('ECAC246530244690AA75DD0F947CD569', 'admin@qq.com', '查看订单', '2020-02-12 18:29:15', '192.168.178.3');
INSERT INTO `on_log` VALUES ('1754F9CD5D754D4592EBAD62A267BA7E', 'admin@qq.com', '系统管理-用户管理-获取所有用户基本信息', '2020-02-12 18:29:37', '192.168.178.3');
INSERT INTO `on_log` VALUES ('E08385CFFF7141F7AA915BAC3AA93E75', 'admin@qq.com', '查看订单', '2020-02-12 18:29:38', '192.168.178.3');
INSERT INTO `on_log` VALUES ('1513C833A3B54CCE8A41A36A93D08090', 'admin@qq.com', '查看订单', '2020-02-12 18:29:38', '192.168.178.3');
INSERT INTO `on_log` VALUES ('CB714848EB2F413BAF6E418DC75F2850', 'admin@qq.com', '查看订单', '2020-02-12 18:29:38', '192.168.178.3');
INSERT INTO `on_log` VALUES ('614613EAE46B447486D6ECD1008F0E88', 'admin@qq.com', '登录', '2020-02-12 18:30:07', '192.168.178.3');
INSERT INTO `on_log` VALUES ('A3388204E65E40FAB338DAACB69988B4', 'admin@qq.com', '根据角色ID获取左侧菜单栏', '2020-02-12 18:30:07', '192.168.178.3');
INSERT INTO `on_log` VALUES ('CBF33C9E3AE7459C99A5B17833CEDDD1', 'admin@qq.com', '系统管理-用户管理-获取所有用户基本信息', '2020-02-12 18:30:28', '192.168.178.3');
INSERT INTO `on_log` VALUES ('91CB293369444DE7BFCC09A3F601934E', 'admin@qq.com', '系统管理-模块管理-获取所有未删除的子模块信息', '2020-02-12 18:30:28', '192.168.178.3');
INSERT INTO `on_log` VALUES ('2DDED571211A4F829BAFD15AAA2A4172', 'admin@qq.com', '系统管理-角色管理-获取所有角色信息', '2020-02-12 18:30:30', '192.168.178.3');
INSERT INTO `on_log` VALUES ('548C98BEE3564C83A45CFB3EC382C175', 'admin@qq.com', '查看订单', '2020-02-12 18:30:34', '192.168.178.3');
INSERT INTO `on_log` VALUES ('C2B5987F7C474E9E80084F1217ED2621', 'admin@qq.com', '查看订单', '2020-02-12 18:30:34', '192.168.178.3');
INSERT INTO `on_log` VALUES ('D02623C9FC77436EA73CFA6F36EC2460', 'admin@qq.com', '查看订单', '2020-02-12 18:30:34', '192.168.178.3');

-- ----------------------------
-- Table structure for on_role
-- ----------------------------
DROP TABLE IF EXISTS `on_role`;
CREATE TABLE `on_role` (
  `role_id` int(8) NOT NULL AUTO_INCREMENT,
  `role_name` varchar(32) DEFAULT NULL,
  `is_run` int(1) NOT NULL DEFAULT '0' COMMENT '0可用，1不可用',
  `create_time` timestamp NOT NULL DEFAULT CURRENT_TIMESTAMP ON UPDATE CURRENT_TIMESTAMP,
  PRIMARY KEY (`role_id`,`is_run`)
) ENGINE=MyISAM AUTO_INCREMENT=8 DEFAULT CHARSET=utf8mb4;

-- ----------------------------
-- Records of on_role
-- ----------------------------
INSERT INTO `on_role` VALUES ('1', 'admin', '0', '2020-02-12 17:48:51');
INSERT INTO `on_role` VALUES ('3', '蜀', '0', '2019-11-17 23:22:03');
INSERT INTO `on_role` VALUES ('4', '魏', '0', '2019-11-22 21:18:23');
INSERT INTO `on_role` VALUES ('5', '吴', '0', '2019-11-20 20:16:13');
INSERT INTO `on_role` VALUES ('7', '群雄', '0', '2019-11-20 20:16:12');

-- ----------------------------
-- Table structure for on_role_template
-- ----------------------------
DROP TABLE IF EXISTS `on_role_template`;
CREATE TABLE `on_role_template` (
  `id` varchar(32) NOT NULL,
  `role_id` int(8) DEFAULT NULL,
  `template_id` int(8) DEFAULT NULL COMMENT '子模块ID',
  PRIMARY KEY (`id`)
) ENGINE=MyISAM DEFAULT CHARSET=utf8mb4;

-- ----------------------------
-- Records of on_role_template
-- ----------------------------
INSERT INTO `on_role_template` VALUES ('01429D8E01CC4D52B044435284EDCAE7', '7', '1');
INSERT INTO `on_role_template` VALUES ('12DF91B8B58849F593260481C7E005F5', '1', '5');
INSERT INTO `on_role_template` VALUES ('28067BA9DAA44C3BBB8607A04686DFF6', '4', '3');
INSERT INTO `on_role_template` VALUES ('2FC96FCD4078495B9EA0EA8492416D61', '7', '5');
INSERT INTO `on_role_template` VALUES ('3A0F63DDAEDC479A951740AF6FDCD170', '1', '12');
INSERT INTO `on_role_template` VALUES ('4CE449E37C8B4F7EB17924D51D7E8BB6', '1', '9');
INSERT INTO `on_role_template` VALUES ('61FF85C2410A4941A493AEE6B58F9ADC', '7', '3');
INSERT INTO `on_role_template` VALUES ('635D6A6804A741C79CF02AE9719AD566', '1', '11');
INSERT INTO `on_role_template` VALUES ('6E562E1C8BB6444E91CA19516C47A5AE', '1', '1');
INSERT INTO `on_role_template` VALUES ('7DADB1D89E5949CEBACE4B79CF6019F0', '1', '6');
INSERT INTO `on_role_template` VALUES ('8174EF6E2CE448019E7987F27E34B8C8', '3', '6');
INSERT INTO `on_role_template` VALUES ('8DEA201DD8414BA78685FA06F1D54836', '1', '8');
INSERT INTO `on_role_template` VALUES ('9D8FA72884D7420FAEB6279FE717D056', '1', '7');
INSERT INTO `on_role_template` VALUES ('A4C85CE588044940AF151A58E5FFCDAD', '5', '6');
INSERT INTO `on_role_template` VALUES ('ACAF4A940F4B47B0912140A004FE4453', '1', '10');
INSERT INTO `on_role_template` VALUES ('C4457A616AAE4550A311CC6898264D78', '1', '3');
INSERT INTO `on_role_template` VALUES ('D29678302FAF4F7C94206D6C51FE4E43', '4', '6');
INSERT INTO `on_role_template` VALUES ('DD03774F5E28436C8AF7C7BE393D1456', '7', '6');

-- ----------------------------
-- Table structure for on_template_p
-- ----------------------------
DROP TABLE IF EXISTS `on_template_p`;
CREATE TABLE `on_template_p` (
  `t_p_id` int(8) NOT NULL AUTO_INCREMENT,
  `t_p_name` varchar(32) DEFAULT NULL,
  `is_del` int(1) NOT NULL DEFAULT '0' COMMENT '0未删除，1已删除',
  PRIMARY KEY (`t_p_id`)
) ENGINE=MyISAM AUTO_INCREMENT=9 DEFAULT CHARSET=utf8mb4;

-- ----------------------------
-- Records of on_template_p
-- ----------------------------
INSERT INTO `on_template_p` VALUES ('1', '系统管理', '0');
INSERT INTO `on_template_p` VALUES ('6', '人员管理', '1');
INSERT INTO `on_template_p` VALUES ('7', '人际关系', '1');
INSERT INTO `on_template_p` VALUES ('8', '电脑配件管理', '0');

-- ----------------------------
-- Table structure for on_template_s
-- ----------------------------
DROP TABLE IF EXISTS `on_template_s`;
CREATE TABLE `on_template_s` (
  `t_s_id` int(8) NOT NULL AUTO_INCREMENT,
  `t_s_name` varchar(32) DEFAULT NULL,
  `t_s_url` varchar(256) DEFAULT NULL,
  `is_del` int(1) DEFAULT NULL,
  `t_parent_id` int(8) DEFAULT NULL,
  PRIMARY KEY (`t_s_id`)
) ENGINE=MyISAM AUTO_INCREMENT=13 DEFAULT CHARSET=utf8mb4;

-- ----------------------------
-- Records of on_template_s
-- ----------------------------
INSERT INTO `on_template_s` VALUES ('1', '模块管理', '/system/moduleManager', '0', '1');
INSERT INTO `on_template_s` VALUES ('2', '考勤', '/sys', '1', '6');
INSERT INTO `on_template_s` VALUES ('3', '角色管理', '/system/roles', '0', '1');
INSERT INTO `on_template_s` VALUES ('4', '考勤', '/sys', '1', '6');
INSERT INTO `on_template_s` VALUES ('5', '用户管理', '/system/userInfo', '0', '1');
INSERT INTO `on_template_s` VALUES ('6', '日志查看', '/system/logInfo', '0', '1');
INSERT INTO `on_template_s` VALUES ('7', '供应商管理', '/tq/supplier', '0', '8');
INSERT INTO `on_template_s` VALUES ('8', '销售商家', '/tq/businessInfo', '0', '8');
INSERT INTO `on_template_s` VALUES ('9', '货物库存', '/tq/goods', '0', '8');
INSERT INTO `on_template_s` VALUES ('10', '进货订单', '/tq/purchase', '0', '8');
INSERT INTO `on_template_s` VALUES ('11', '商品类型', '/tq/modelInfo', '0', '8');
INSERT INTO `on_template_s` VALUES ('12', '销售订单', '/order/sales', '0', '8');

-- ----------------------------
-- Table structure for on_user
-- ----------------------------
DROP TABLE IF EXISTS `on_user`;
CREATE TABLE `on_user` (
  `id` varchar(32) NOT NULL,
  `username` varchar(50) DEFAULT NULL COMMENT '昵称',
  `password` varchar(32) DEFAULT NULL,
  `email` varchar(32) NOT NULL,
  `role_id` varchar(5) DEFAULT NULL,
  `image` varchar(100) DEFAULT NULL,
  `create_time` timestamp NOT NULL DEFAULT CURRENT_TIMESTAMP ON UPDATE CURRENT_TIMESTAMP,
  `gender` int(1) DEFAULT NULL,
  `realname` varchar(128) DEFAULT NULL COMMENT '真实姓名',
  `birthday` timestamp NOT NULL DEFAULT '0000-00-00 00:00:00',
  PRIMARY KEY (`id`)
) ENGINE=MyISAM DEFAULT CHARSET=utf8mb4;

-- ----------------------------
-- Records of on_user
-- ----------------------------
INSERT INTO `on_user` VALUES ('05F43DF88A0C443BAC1852A0F290C91D', '赵子龙', '123456', '163@qq.com', '3', 'DF72A9676C6440369BE4C407CF7EB3F4.jpg', '2020-01-05 11:33:17', null, '赵子龙', '2020-02-09 14:27:21');
INSERT INTO `on_user` VALUES ('1747EADBF67F42EDB885162167D12249', '孙权等我一下', '123456', '7895@qq.com', '5', '634FB67D28204F9AB741DE4D89C78C67.jpg', '2020-01-05 11:33:17', null, '孙权等我一下', '2020-02-09 14:27:21');
INSERT INTO `on_user` VALUES ('40165034788944FCA9C96B30B0569E99', '超级管理员', 'admin', 'admin@qq.com', '1', '148B4456F36540D19CC63A0BF213E428.jpg', '2020-01-05 11:33:17', '1', '超级管理员', '1998-06-25 00:00:00');
INSERT INTO `on_user` VALUES ('9EDC36718E4040D6822DA398D7A38281', '吕布', '123456', '369@qq.com', '7', '5CDBDDA1EFD548F08770A4D4E31256AE.jpg', '2020-01-05 11:33:17', null, '吕布', '2020-02-09 14:27:21');
INSERT INTO `on_user` VALUES ('D6B3A63D56CE4FBF8F98C83019539F67', '曹操', '123456', 'caozuo@qq.com', '4', 'default.png', '2020-01-05 11:33:17', null, '曹操', '2020-02-09 14:27:21');
INSERT INTO `on_user` VALUES ('EE191E5EB1374A45ADA97FBB87B07AFA', '关羽', '123456', 'guanyu@qq.com', '3', '303793C4F08545DC80329A5FD85F5BB9.jpg', '2020-01-05 11:33:17', null, '关羽', '2020-02-09 14:27:21');

-- ----------------------------
-- Table structure for tq_business
-- ----------------------------
DROP TABLE IF EXISTS `tq_business`;
CREATE TABLE `tq_business` (
  `id` varchar(32) NOT NULL,
  `name` varchar(255) DEFAULT NULL,
  `create_time` timestamp NULL DEFAULT NULL ON UPDATE CURRENT_TIMESTAMP,
  `place` varchar(255) DEFAULT NULL,
  `remark` varchar(255) DEFAULT NULL,
  `is_del` int(11) DEFAULT '0',
  PRIMARY KEY (`id`)
) ENGINE=MyISAM DEFAULT CHARSET=utf8mb4;

-- ----------------------------
-- Records of tq_business
-- ----------------------------
INSERT INTO `tq_business` VALUES ('4CA40E8EBF75401C8BE2B8550E581BE1', '泰豪集团', '2020-01-24 14:36:30', '江西南昌', '泰豪集团有限公司成立于1993年04月20日，注册地位于江西省南昌市南昌县小蓝经济开发区汇仁大道266号', '0');
INSERT INTO `tq_business` VALUES ('BBB3927B45924F9BA47556768F8E3709', '杭州电子贸易公司', '2020-02-07 14:46:29', '浙江杭州', '随便编的名字', '0');
INSERT INTO `tq_business` VALUES ('E95363491A3E4E15B859CC642EBC9B89', '杭州潇洒啊', '2020-01-15 20:21:19', '浙江杭州', '萧山点', '0');
INSERT INTO `tq_business` VALUES ('F33D888AFF96443EAC55B139B7486EE9', '南京商家1', '2020-01-15 19:48:42', '南京1', '南京王大点1', '1');

-- ----------------------------
-- Table structure for tq_goods
-- ----------------------------
DROP TABLE IF EXISTS `tq_goods`;
CREATE TABLE `tq_goods` (
  `id` varchar(50) NOT NULL,
  `name` varchar(255) DEFAULT NULL,
  `model_id` varchar(32) DEFAULT NULL,
  `mark` varchar(255) DEFAULT NULL,
  PRIMARY KEY (`id`) USING BTREE
) ENGINE=InnoDB DEFAULT CHARSET=utf8 ROW_FORMAT=DYNAMIC;

-- ----------------------------
-- Records of tq_goods
-- ----------------------------
INSERT INTO `tq_goods` VALUES ('284357F86CA840DE91BE998556CEF1F6', 'AMD Ryzen 5 1600X', '89AC89EF8D95482ABD020AE0E8A05DFA', '今年上半年，AMD又发布了ZEN+架构CPU，在ZEN架构的基础上，将工艺提升到12nm，提高了频率，降低了内部通讯');
INSERT INTO `tq_goods` VALUES ('31FDA13FC1D24FFBBF84E69D63AEC916', 'Intel 酷睿i5 4250U', '89AC89EF8D95482ABD020AE0E8A05DFA', '\n赢在节能上,不跑游戏甚至风扇都不用转（亲眼观察），15W功耗没得说，独立显卡较好（针对超级本而言，等级在GT640及以上的显卡）的情况下大多数3D游戏都能流畅体验，搭载它能显著增强续航能力；');
INSERT INTO `tq_goods` VALUES ('3B3C5AA10E684750BE138C8F0E4566A7', 'DDR4 2133M', '0732C1A83AFA43F9BDDAF7E195A8626C', '一次点亮，很好用，和宏碁t5000能够完美兼容，很不错');
INSERT INTO `tq_goods` VALUES ('5981DB57670A4EA69D5F3C5DC4629AB6', 'AMD R5 1500X', '89AC89EF8D95482ABD020AE0E8A05DFA', '功耗低，价格较低 性能强劲，玩普通游戏还可以11');
INSERT INTO `tq_goods` VALUES ('CD2B485EF0F8411EBE3231982DB49A59', 'DDR3L 1600M', '0732C1A83AFA43F9BDDAF7E195A8626C', '能安装DDR3L-1600的笔记本，最大支持16G内存，单条只支持8G大小');

-- ----------------------------
-- Table structure for tq_goods_model
-- ----------------------------
DROP TABLE IF EXISTS `tq_goods_model`;
CREATE TABLE `tq_goods_model` (
  `id` varchar(32) NOT NULL,
  `model_name` varchar(255) DEFAULT NULL,
  `create_time` timestamp NULL DEFAULT NULL ON UPDATE CURRENT_TIMESTAMP,
  PRIMARY KEY (`id`)
) ENGINE=MyISAM DEFAULT CHARSET=utf8mb4;

-- ----------------------------
-- Records of tq_goods_model
-- ----------------------------
INSERT INTO `tq_goods_model` VALUES ('0732C1A83AFA43F9BDDAF7E195A8626C', '内存条', '2020-02-06 21:56:09');
INSERT INTO `tq_goods_model` VALUES ('89AC89EF8D95482ABD020AE0E8A05DFA', 'CPU', '2020-01-22 16:52:18');

-- ----------------------------
-- Table structure for tq_purchase
-- ----------------------------
DROP TABLE IF EXISTS `tq_purchase`;
CREATE TABLE `tq_purchase` (
  `id` varchar(32) NOT NULL,
  `name` varchar(45) DEFAULT NULL,
  `sup_id` varchar(32) DEFAULT NULL,
  `goods_id` varchar(45) DEFAULT NULL,
  `start_time` timestamp NOT NULL DEFAULT '0000-00-00 00:00:00' ON UPDATE CURRENT_TIMESTAMP,
  `end_time` timestamp NOT NULL DEFAULT '0000-00-00 00:00:00',
  `number` int(11) DEFAULT NULL,
  `price` float DEFAULT NULL,
  `user_id` varchar(45) DEFAULT NULL,
  `is_accept` int(1) DEFAULT NULL,
  PRIMARY KEY (`id`)
) ENGINE=MyISAM DEFAULT CHARSET=utf8mb4;

-- ----------------------------
-- Records of tq_purchase
-- ----------------------------
INSERT INTO `tq_purchase` VALUES ('2EFE937756B54867BC33DD27836BCD39', '金士顿DDR4 2133M', '59B504AFFA9349629AFCFEA2A8B8EA38', '3B3C5AA10E684750BE138C8F0E4566A7', '2020-02-07 14:44:55', '2020-02-07 14:45:12', '300', '300', '40165034788944FCA9C96B30B0569E99', '1');
INSERT INTO `tq_purchase` VALUES ('48A5FE6708754504976D44B6A4AA2C2A', 'Intel 酷睿i5 4258U低压', '0D15243FFBE3445EAFA2A65C57128F2F', '31FDA13FC1D24FFBBF84E69D63AEC916', '2020-01-24 11:17:25', '2020-01-24 14:34:16', '53', '23.1', '40165034788944FCA9C96B30B0569E99', '2');
INSERT INTO `tq_purchase` VALUES ('7306FC7B05A54D468D8089065F1E6A16', '骇客DDR3L 1600低压', '59B504AFFA9349629AFCFEA2A8B8EA38', 'CD2B485EF0F8411EBE3231982DB49A59', '2020-02-07 20:41:12', '2020-02-09 14:51:50', '1990', '90', '40165034788944FCA9C96B30B0569E99', '0');
INSERT INTO `tq_purchase` VALUES ('7B5B040B08714E40A946507E7CAA63BE', 'AMD Ryzen 5 1500X', 'A44DCD9AD70047ABADCCF4D1136AC059', '5981DB57670A4EA69D5F3C5DC4629AB6', '2020-01-24 10:56:02', '2020-01-24 14:29:09', '3000', '479', '40165034788944FCA9C96B30B0569E99', '1');
INSERT INTO `tq_purchase` VALUES ('94609E56A51744CFB825E9E255733473', '美光DDR3L 1600低压', 'A44DCD9AD70047ABADCCF4D1136AC059', 'CD2B485EF0F8411EBE3231982DB49A59', '2020-02-07 14:45:46', '2020-02-07 20:41:17', '200', '70', '40165034788944FCA9C96B30B0569E99', '1');

-- ----------------------------
-- Table structure for tq_sell
-- ----------------------------
DROP TABLE IF EXISTS `tq_sell`;
CREATE TABLE `tq_sell` (
  `id` varchar(45) NOT NULL,
  `business_id` varchar(45) DEFAULT NULL,
  `goods_id` varchar(45) DEFAULT NULL,
  `sup_id` varchar(45) DEFAULT NULL,
  `number` int(11) DEFAULT NULL,
  `price` float DEFAULT NULL,
  `user_id` varchar(45) DEFAULT NULL,
  `start_time` timestamp NOT NULL DEFAULT CURRENT_TIMESTAMP ON UPDATE CURRENT_TIMESTAMP,
  `end_time` timestamp NOT NULL DEFAULT '0000-00-00 00:00:00',
  `is_accept` int(11) DEFAULT NULL,
  PRIMARY KEY (`id`)
) ENGINE=MyISAM DEFAULT CHARSET=utf8mb4;

-- ----------------------------
-- Records of tq_sell
-- ----------------------------
INSERT INTO `tq_sell` VALUES ('111228C7674A461FB08EE976A2D6CD4B', 'BBB3927B45924F9BA47556768F8E3709', '5981DB57670A4EA69D5F3C5DC4629AB6', 'A44DCD9AD70047ABADCCF4D1136AC059', '1000', '133', '40165034788944FCA9C96B30B0569E99', '2020-02-08 15:49:53', '2020-02-09 14:54:06', '0');
INSERT INTO `tq_sell` VALUES ('63F3B0C79DDE4199B1D89EF6E2BA43FF', '4CA40E8EBF75401C8BE2B8550E581BE1', '3B3C5AA10E684750BE138C8F0E4566A7', '59B504AFFA9349629AFCFEA2A8B8EA38', '12', '450', '40165034788944FCA9C96B30B0569E99', '2020-02-12 17:41:22', '2020-02-09 14:54:06', '1');
INSERT INTO `tq_sell` VALUES ('C2B223EB1D464480B3396471F2EFCC65', 'BBB3927B45924F9BA47556768F8E3709', '3B3C5AA10E684750BE138C8F0E4566A7', '59B504AFFA9349629AFCFEA2A8B8EA38', '170', '400', '40165034788944FCA9C96B30B0569E99', '2020-02-07 20:56:50', '2020-02-09 14:54:06', '1');
INSERT INTO `tq_sell` VALUES ('C7C80BC2E76045CF8AB386B9B09FAD53', 'E95363491A3E4E15B859CC642EBC9B89', '3B3C5AA10E684750BE138C8F0E4566A7', '59B504AFFA9349629AFCFEA2A8B8EA38', '100', '398', '40165034788944FCA9C96B30B0569E99', '2020-02-07 20:57:20', '2020-02-09 14:54:07', '2');

-- ----------------------------
-- Table structure for tq_supplier
-- ----------------------------
DROP TABLE IF EXISTS `tq_supplier`;
CREATE TABLE `tq_supplier` (
  `id` varchar(32) NOT NULL,
  `name` varchar(255) DEFAULT NULL,
  `remark` varchar(512) DEFAULT NULL,
  `create_time` timestamp NOT NULL DEFAULT '0000-00-00 00:00:00' ON UPDATE CURRENT_TIMESTAMP,
  `user_id` varchar(32) DEFAULT NULL,
  `is_del` int(2) DEFAULT NULL,
  PRIMARY KEY (`id`)
) ENGINE=MyISAM DEFAULT CHARSET=utf8mb4;

-- ----------------------------
-- Records of tq_supplier
-- ----------------------------
INSERT INTO `tq_supplier` VALUES ('0D15243FFBE3445EAFA2A65C57128F2F', 'Intel', '全球知名芯片公司', '2020-01-12 10:58:37', '9EDC36718E4040D6822DA398D7A38281', '0');
INSERT INTO `tq_supplier` VALUES ('34C279FFD4FC42D08E5A881CC1A188D1', 'AMD', '全球知名公司超级ccAA', '2020-01-15 17:27:25', '05F43DF88A0C443BAC1852A0F290C91D', '1');
INSERT INTO `tq_supplier` VALUES ('59B504AFFA9349629AFCFEA2A8B8EA38', '金士顿', '金士顿是金士顿公司的一款产品，金士顿成立于1987年，总部位于美国加州芳泉谷，金士顿在全球拥有超过2400名员工。被美国财富杂志评为“美国最适宜工作的公司', '2020-02-07 14:44:20', '05F43DF88A0C443BAC1852A0F290C91D', '0');
INSERT INTO `tq_supplier` VALUES ('80554707ADCB40519300BD5218C3AA97', 'qqqq', 'wqdwq', '2020-01-15 17:27:39', '40165034788944FCA9C96B30B0569E99', '0');
INSERT INTO `tq_supplier` VALUES ('A44DCD9AD70047ABADCCF4D1136AC059', '博物电子科技', '我公司主要经营,服务周到，欢迎您访问我们的市场通店铺，希望能找到您需要的信息或产品服务。请您在询问或留言框处给我们留言，或电话联系我们。', '2020-01-24 10:54:53', 'D6B3A63D56CE4FBF8F98C83019539F67', '0');
